INSERT INTO public.event_type_details (id, tenant_id, name, description, color, icon, is_active, display_order, created_at, updated_at) VALUES (1, 'tenant_demo_001', 'Gala', 'Formal gala event', '#3B82F6', NULL, true, 0, '2025-06-22 11:31:26.181502', '2025-06-22 11:31:26.181502');

INSERT INTO public.event_type_details (id, tenant_id, name, description, color, icon, is_active, display_order, created_at, updated_at) VALUES (2, 'tenant_demo_001', 'Conference', 'Tech conference', '#3B82F6', NULL, true, 0, '2025-06-22 11:31:26.181502', '2025-06-22 11:31:26.181502');

INSERT INTO public.event_type_details (id, tenant_id, name, description, color, icon, is_active, display_order, created_at, updated_at) VALUES (3, 'tenant_demo_001', 'Run', 'Charity run', '#3B82F6', NULL, true, 0, '2025-06-22 11:31:26.181502', '2025-06-22 11:31:26.181502');

INSERT INTO public.event_type_details (id, tenant_id, name, description, color, icon, is_active, display_order, created_at, updated_at) VALUES (4, 'tenant_demo_001', 'Picnic', 'Family picnic', '#3B82F6', NULL, true, 0, '2025-06-22 11:31:26.181502', '2025-06-22 11:31:26.181502');

INSERT INTO public.event_type_details (id, tenant_id, name, description, color, icon, is_active, display_order, created_at, updated_at) VALUES (5, 'tenant_demo_001', 'Dinner', 'VIP dinner', '#3B82F6', NULL, true, 0, '2025-06-22 11:31:26.181502', '2025-06-22 11:31:26.181502');

INSERT INTO public.event_type_details (id, tenant_id, name, description, color, icon, is_active, display_order, created_at, updated_at) VALUES (6, 'tenant_demo_001', 'Festival', 'Summer festival', '#3B82F6', NULL, true, 0, '2025-06-22 11:31:26.181502', '2025-06-22 11:31:26.181502');

INSERT INTO public.user_profile (id, tenant_id, user_id, first_name, last_name, email, phone, address_line_1, address_line_2, city, state, zip_code, country, notes, family_name, city_town, district, educational_institution, profile_image_url, is_email_subscribed, email_subscription_token, is_email_subscription_token_used, user_status, user_role, reviewed_by_admin_at, reviewed_by_admin_id, clerk_user_id, clerk_session_id, clerk_org_id, clerk_org_role, auth_provider, auth_provider_user_id, email_verified, profile_image_url_clerk, last_sign_in_at, clerk_metadata, created_at, updated_at, request_id, request_reason, status, admin_comments, submitted_at, reviewed_at, approved_at, rejected_at) VALUES (1, 'tenant_demo_001', 'user001', 'Alice', 'Johnson', 'alice.johnson@example.com', '555-1001', '123 Main St', NULL, 'Springfield', 'IL', '62701', 'USA', NULL, NULL, NULL, NULL, NULL, NULL, false, NULL, false, 'ACTIVE', 'MEMBER', NULL, NULL, '2025-06-22 11:31:26.252573', '2025-06-22 11:31:26.252573', NULL, NULL, NULL, NULL, NULL, NULL, NULL, NULL, '2025-10-28 01:23:03.522272', '2025-10-28 01:23:03.522272', NULL, NULL, NULL, NULL, NULL, NULL, NULL, NULL);

INSERT INTO public.user_profile (id, tenant_id, user_id, first_name, last_name, email, phone, address_line_1, address_line_2, city, state, zip_code, country, notes, family_name, city_town, district, educational_institution, profile_image_url, is_email_subscribed, email_subscription_token, is_email_subscription_token_used, user_status, user_role, reviewed_by_admin_at, reviewed_by_admin_id, clerk_user_id, clerk_session_id, clerk_org_id, clerk_org_role, auth_provider, auth_provider_user_id, email_verified, profile_image_url_clerk, last_sign_in_at, clerk_metadata, created_at, updated_at, request_id, request_reason, status, admin_comments, submitted_at, reviewed_at, approved_at, rejected_at) VALUES (2, 'tenant_demo_001', 'user002', 'Bob', 'Smith', 'bob.smith@example.com', '555-1002', '456 Oak Ave', NULL, 'Springfield', 'IL', '62702', 'USA', NULL, NULL, NULL, NULL, NULL, NULL, false, NULL, false, 'ACTIVE', 'ADMIN', NULL, NULL, '2025-06-22 11:31:26.252573', '2025-06-22 11:31:26.252573', NULL, NULL, NULL, NULL, NULL, NULL, NULL, NULL, '2025-10-28 01:23:03.575893', '2025-10-28 01:23:03.575893', NULL, NULL, NULL, NULL, NULL, NULL, NULL, NULL);

INSERT INTO public.user_profile (id, tenant_id, user_id, first_name, last_name, email, phone, address_line_1, address_line_2, city, state, zip_code, country, notes, family_name, city_town, district, educational_institution, profile_image_url, is_email_subscribed, email_subscription_token, is_email_subscription_token_used, user_status, user_role, reviewed_by_admin_at, reviewed_by_admin_id, clerk_user_id, clerk_session_id, clerk_org_id, clerk_org_role, auth_provider, auth_provider_user_id, email_verified, profile_image_url_clerk, last_sign_in_at, clerk_metadata, created_at, updated_at, request_id, request_reason, status, admin_comments, submitted_at, reviewed_at, approved_at, rejected_at) VALUES (3, 'tenant_demo_001', 'user003', 'Carol', 'Williams', 'carol.williams@example.com', '555-1003', '789 Pine Rd', NULL, 'Springfield', 'IL', '62703', 'USA', NULL, NULL, NULL, NULL, NULL, NULL, false, NULL, false, 'INACTIVE', 'VOLUNTEER', NULL, NULL, '2025-06-22 11:31:26.252573', '2025-06-22 11:31:26.252573', NULL, NULL, NULL, NULL, NULL, NULL, NULL, NULL, '2025-10-28 01:23:03.609148', '2025-10-28 01:23:03.609148', NULL, NULL, NULL, NULL, NULL, NULL, NULL, NULL);

INSERT INTO public.user_profile (id, tenant_id, user_id, first_name, last_name, email, phone, address_line_1, address_line_2, city, state, zip_code, country, notes, family_name, city_town, district, educational_institution, profile_image_url, is_email_subscribed, email_subscription_token, is_email_subscription_token_used, user_status, user_role, reviewed_by_admin_at, reviewed_by_admin_id, clerk_user_id, clerk_session_id, clerk_org_id, clerk_org_role, auth_provider, auth_provider_user_id, email_verified, profile_image_url_clerk, last_sign_in_at, clerk_metadata, created_at, updated_at, request_id, request_reason, status, admin_comments, submitted_at, reviewed_at, approved_at, rejected_at) VALUES (4, 'tenant_demo_001', 'user004', 'David', 'Brown', 'david.brown@example.com', '555-1004', '321 Maple St', NULL, 'Springfield', 'IL', '62704', 'USA', NULL, NULL, NULL, NULL, NULL, NULL, false, NULL, false, 'PENDING_APPROVAL', 'ORGANIZER', NULL, NULL, '2025-06-22 11:31:26.252573', '2025-06-22 11:31:26.252573', NULL, NULL, NULL, NULL, NULL, NULL, NULL, NULL, '2025-10-28 01:23:03.728261', '2025-10-28 01:23:03.728261', NULL, NULL, NULL, NULL, NULL, NULL, NULL, NULL);

INSERT INTO public.user_profile (id, tenant_id, user_id, first_name, last_name, email, phone, address_line_1, address_line_2, city, state, zip_code, country, notes, family_name, city_town, district, educational_institution, profile_image_url, is_email_subscribed, email_subscription_token, is_email_subscription_token_used, user_status, user_role, reviewed_by_admin_at, reviewed_by_admin_id, clerk_user_id, clerk_session_id, clerk_org_id, clerk_org_role, auth_provider, auth_provider_user_id, email_verified, profile_image_url_clerk, last_sign_in_at, clerk_metadata, created_at, updated_at, request_id, request_reason, status, admin_comments, submitted_at, reviewed_at, approved_at, rejected_at) VALUES (5, 'tenant_demo_001', 'user005', 'Eve', 'Davis', 'eve.davis@example.com', '555-1005', '654 Cedar Ave', NULL, 'Springfield', 'IL', '62705', 'USA', NULL, NULL, NULL, NULL, NULL, NULL, false, NULL, false, 'SUSPENDED', 'SUPER_ADMIN', NULL, NULL, '2025-06-22 11:31:26.252573', '2025-06-22 11:31:26.252573', NULL, NULL, NULL, NULL, NULL, NULL, NULL, NULL, '2025-10-28 01:23:03.7618', '2025-10-28 01:23:03.7618', NULL, NULL, NULL, NULL, NULL, NULL, NULL, NULL);

INSERT INTO public.user_profile (id, tenant_id, user_id, first_name, last_name, email, phone, address_line_1, address_line_2, city, state, zip_code, country, notes, family_name, city_town, district, educational_institution, profile_image_url, is_email_subscribed, email_subscription_token, is_email_subscription_token_used, user_status, user_role, reviewed_by_admin_at, reviewed_by_admin_id, clerk_user_id, clerk_session_id, clerk_org_id, clerk_org_role, auth_provider, auth_provider_user_id, email_verified, profile_image_url_clerk, last_sign_in_at, clerk_metadata, created_at, updated_at, request_id, request_reason, status, admin_comments, submitted_at, reviewed_at, approved_at, rejected_at) VALUES (6, 'tenant_demo_001', 'user006', 'Frank', 'Miller', 'frank.miller@example.com', '555-1006', '987 Birch Blvd', NULL, 'Springfield', 'IL', '62706', 'USA', NULL, NULL, NULL, NULL, NULL, NULL, false, NULL, false, 'BANNED', 'MEMBER', NULL, NULL, '2025-06-22 11:31:26.252573', '2025-06-22 11:31:26.252573', NULL, NULL, NULL, NULL, NULL, NULL, NULL, NULL, '2025-10-28 01:23:03.79313', '2025-10-28 01:23:03.79313', NULL, NULL, NULL, NULL, NULL, NULL, NULL, NULL);

INSERT INTO public.user_profile (id, tenant_id, user_id, first_name, last_name, email, phone, address_line_1, address_line_2, city, state, zip_code, country, notes, family_name, city_town, district, educational_institution, profile_image_url, is_email_subscribed, email_subscription_token, is_email_subscription_token_used, user_status, user_role, reviewed_by_admin_at, reviewed_by_admin_id, clerk_user_id, clerk_session_id, clerk_org_id, clerk_org_role, auth_provider, auth_provider_user_id, email_verified, profile_image_url_clerk, last_sign_in_at, clerk_metadata, created_at, updated_at, request_id, request_reason, status, admin_comments, submitted_at, reviewed_at, approved_at, rejected_at) VALUES (4651, 'tenant_demo_001', 'user_2vVLxhPnsIPGYf6qpfozk383Slr', 'Gain Joseph', 'Joseph', 'giventauser@gmail.com', '3123430073', '165 Hopkins Avenue', 'APT 7', 'Jersey City', 'NJ', '07306', 'United States', '', '', '', '', '', 'https://img.clerk.com/eyJ0eXBlIjoicHJveHkiLCJzcmMiOiJodHRwczovL2ltYWdlcy5jbGVyay5kZXYvb2F1dGhfZ29vZ2xlL2ltZ18ydlZMeGVDUnFWTnpkTDBLUXMySXNWekFBVG8ifQ', true, 'eyJhbGciOiJIUzI1NiJ9.eyJzdWIiOiJnaXZlbnRhdXNlckBnbWFpbC5jb20iLCJwdXJwb3NlIjoiZW1haWxfc3Vic2NyaXB0aW9uIiwidGVuYW50SWQiOiJ0ZW5hbnRfZGVtb18wMDEiLCJleHAiOjE3NjQyOTIxMjIsImlhdCI6MTc2MTcwMDEyMiwidXNlcklkIjoidXNlcl8ydlZMeGhQbnNJUEdZZjZxcGZvemszODNTbHIiLCJlbWFpbCI6ImdpdmVudGF1c2VyQGdtYWlsLmNvbSJ9.PIGHagURyQLt79_8qzMimOCtuKMHP1q4pU9ReQfBit0', false, 'PENDING_APPROVAL', 'ADMIN', NULL, NULL, NULL, NULL, NULL, NULL, NULL, NULL, NULL, NULL, NULL, NULL, '2025-10-28 01:23:03.8258', '2025-10-28 21:08:42.247408', NULL, NULL, NULL, NULL, NULL, NULL, NULL, NULL);

INSERT INTO public.user_profile (id, tenant_id, user_id, first_name, last_name, email, phone, address_line_1, address_line_2, city, state, zip_code, country, notes, family_name, city_town, district, educational_institution, profile_image_url, is_email_subscribed, email_subscription_token, is_email_subscription_token_used, user_status, user_role, reviewed_by_admin_at, reviewed_by_admin_id, clerk_user_id, clerk_session_id, clerk_org_id, clerk_org_role, auth_provider, auth_provider_user_id, email_verified, profile_image_url_clerk, last_sign_in_at, clerk_metadata, created_at, updated_at, request_id, request_reason, status, admin_comments, submitted_at, reviewed_at, approved_at, rejected_at) VALUES (4051, 'tenant_demo_003', 'user_2vVLxhPnsIPGYf6qpfozk383Slr', 'Gain', 'Joseph', 'giventauser@gmail.com', NULL, NULL, NULL, NULL, NULL, NULL, NULL, NULL, NULL, NULL, NULL, NULL, 'https://img.clerk.com/eyJ0eXBlIjoicHJveHkiLCJzcmMiOiJodHRwczovL2ltYWdlcy5jbGVyay5kZXYvb2F1dGhfZ29vZ2xlL2ltZ18ydlZMeGVDUnFWTnpkTDBLUXMySXNWekFBVG8ifQ', true, 'eyJhbGciOiJIUzI1NiJ9.eyJzdWIiOiJnaXZlbnRhdXNlckBnbWFpbC5jb20iLCJwdXJwb3NlIjoiZW1haWxfc3Vic2NyaXB0aW9uIiwidGVuYW50SWQiOiJ0ZW5hbnRfZGVtb18wMDMiLCJleHAiOjE3NjQ2MDI3MzYsImlhdCI6MTc2MjAxMDczNiwidXNlcklkIjoidXNlcl8ydlZMeGhQbnNJUEdZZjZxcGZvemszODNTbHIiLCJlbWFpbCI6ImdpdmVudGF1c2VyQGdtYWlsLmNvbSJ9.MEhHEFxlAA0v-deMwsGv7tItcaCCP2H-vhXj3TrYxaY', false, 'PENDING_APPROVAL', 'MEMBER', NULL, NULL, NULL, NULL, NULL, NULL, NULL, NULL, NULL, NULL, NULL, NULL, '2025-11-01 15:25:36.273', '2025-11-01 15:25:36.273', NULL, NULL, NULL, NULL, NULL, NULL, NULL, NULL);

INSERT INTO public.user_profile (id, tenant_id, user_id, first_name, last_name, email, phone, address_line_1, address_line_2, city, state, zip_code, country, notes, family_name, city_town, district, educational_institution, profile_image_url, is_email_subscribed, email_subscription_token, is_email_subscription_token_used, user_status, user_role, reviewed_by_admin_at, reviewed_by_admin_id, clerk_user_id, clerk_session_id, clerk_org_id, clerk_org_role, auth_provider, auth_provider_user_id, email_verified, profile_image_url_clerk, last_sign_in_at, clerk_metadata, created_at, updated_at, request_id, request_reason, status, admin_comments, submitted_at, reviewed_at, approved_at, rejected_at) VALUES (4109, 'tenant_demo_002', 'user_37YNwboZtCy9WXkKSZ9HYl4C9hh', 'Regular', 'Regular User', 'mosc.regular.user@keleno.com', '', '', '', '', '', '', '', '', '', '', '', '', 'https://img.clerk.com/eyJ0eXBlIjoiZGVmYXVsdCIsImlpZCI6Imluc18ydlFXRk5DSWkxaDQwbWZkTFk5T2t0TDJjbGkiLCJyaWQiOiJ1c2VyXzM3WU53Ym9adEN5OVdYa0tTWjlIWWw0QzloaCIsImluaXRpYWxzIjoiUlIifQ', false, 'eyJhbGciOiJIUzI1NiJ9.eyJzdWIiOiJtb3NjLnJlZ3VsYXIudXNlckBrZWxlbm8uY29tIiwicHVycG9zZSI6ImVtYWlsX3N1YnNjcmlwdGlvbiIsInRlbmFudElkIjoidGVuYW50X2RlbW9fMDAyIiwiZXhwIjoxNzcwOTA1MTYwLCJpYXQiOjE3NjgzMTMxNjAsInVzZXJJZCI6InVzZXJfMzdZTndib1p0Q3k5V1hrS1NaOUhZbDRDOWhoIiwiZW1haWwiOiJtb3NjLnJlZ3VsYXIudXNlckBrZWxlbm8uY29tIn0.LfsYkAukLg42ZcWbEkAedNjQ6EppeJuCLryT9KcjXC8', false, 'PENDING_APPROVAL', 'MEMBER', NULL, NULL, NULL, NULL, NULL, NULL, NULL, NULL, NULL, NULL, NULL, NULL, '2026-01-13 14:02:16.057', '2026-01-13 14:06:00.094012', NULL, NULL, NULL, NULL, NULL, NULL, NULL, NULL);

INSERT INTO public.user_profile (id, tenant_id, user_id, first_name, last_name, email, phone, address_line_1, address_line_2, city, state, zip_code, country, notes, family_name, city_town, district, educational_institution, profile_image_url, is_email_subscribed, email_subscription_token, is_email_subscription_token_used, user_status, user_role, reviewed_by_admin_at, reviewed_by_admin_id, clerk_user_id, clerk_session_id, clerk_org_id, clerk_org_role, auth_provider, auth_provider_user_id, email_verified, profile_image_url_clerk, last_sign_in_at, clerk_metadata, created_at, updated_at, request_id, request_reason, status, admin_comments, submitted_at, reviewed_at, approved_at, rejected_at) VALUES (4123, 'tenant_demo_002', 'user_37x6Sw8TD5dVtvvdZmLaoIgDDNE', '', '', NULL, '', '', '', '', '', '', '', '', '', '', '', '', '', true, 'eyJhbGciOiJIUzI1NiJ9.e30.kflEYQGrBTeT3B6Q7z1nvfUNYT31lJioXH7bYbfzQrk', false, 'ACTIVE', 'ADMIN', NULL, NULL, NULL, NULL, NULL, NULL, NULL, NULL, NULL, NULL, NULL, NULL, '2026-01-12 14:45:30.578', '2026-01-12 14:45:30.594214', NULL, NULL, NULL, NULL, NULL, NULL, NULL, NULL);

INSERT INTO public.user_profile (id, tenant_id, user_id, first_name, last_name, email, phone, address_line_1, address_line_2, city, state, zip_code, country, notes, family_name, city_town, district, educational_institution, profile_image_url, is_email_subscribed, email_subscription_token, is_email_subscription_token_used, user_status, user_role, reviewed_by_admin_at, reviewed_by_admin_id, clerk_user_id, clerk_session_id, clerk_org_id, clerk_org_role, auth_provider, auth_provider_user_id, email_verified, profile_image_url_clerk, last_sign_in_at, clerk_metadata, created_at, updated_at, request_id, request_reason, status, admin_comments, submitted_at, reviewed_at, approved_at, rejected_at) VALUES (5152, 'tenant_demo_002', 'user_38Aafz02jckAz8eOS1e17qbIGfk', 'admin.user', 'mosc', 'mosc.admin.user@keleno.com', '3123430073', '165 Hopkins Ave, APT #7', 'APT 7', 'Jersey City', 'NJ', '07306', 'United States', 'cvcvcvcvcvcvcvcvcvcvc', 'Joseph', 'vbvbvbvbv', 'idukki', 'bvbvbvbvbvbv', 'https://img.clerk.com/eyJ0eXBlIjoiZGVmYXVsdCIsImlpZCI6Imluc18ydlFXRk5DSWkxaDQwbWZkTFk5T2t0TDJjbGkiLCJyaWQiOiJ1c2VyXzM4QWFmejAyamNrQXo4ZU9TMWUxN3FiSUdmayJ9', true, 'eyJhbGciOiJIUzI1NiJ9.eyJzdWIiOiJtb3NjLmFkbWluLnVzZXJAa2VsZW5vLmNvbSIsInB1cnBvc2UiOiJlbWFpbF9zdWJzY3JpcHRpb24iLCJ0ZW5hbnRJZCI6InRlbmFudF9kZW1vXzAwMiIsImV4cCI6MTc3MDk5NzA4NywiaWF0IjoxNzY4NDA1MDg3LCJ1c2VySWQiOiJ1c2VyXzM4QWFmejAyamNrQXo4ZU9TMWUxN3FiSUdmayIsImVtYWlsIjoibW9zYy5hZG1pbi51c2VyQGtlbGVuby5jb20ifQ.a4NZo56lZst5whFUl0KLkuUsMwrZ75GJRzNjHvaVlbw', false, 'PENDING_APPROVAL', 'ADMIN', NULL, NULL, NULL, NULL, NULL, NULL, NULL, NULL, NULL, NULL, NULL, NULL, '2026-01-13 22:04:37.394', '2026-01-14 15:38:07.795093', NULL, NULL, NULL, NULL, NULL, NULL, NULL, NULL);

INSERT INTO public.user_profile (id, tenant_id, user_id, first_name, last_name, email, phone, address_line_1, address_line_2, city, state, zip_code, country, notes, family_name, city_town, district, educational_institution, profile_image_url, is_email_subscribed, email_subscription_token, is_email_subscription_token_used, user_status, user_role, reviewed_by_admin_at, reviewed_by_admin_id, clerk_user_id, clerk_session_id, clerk_org_id, clerk_org_role, auth_provider, auth_provider_user_id, email_verified, profile_image_url_clerk, last_sign_in_at, clerk_metadata, created_at, updated_at, request_id, request_reason, status, admin_comments, submitted_at, reviewed_at, approved_at, rejected_at) VALUES (4101, 'tenant_demo_002', 'user_2vVLxhPnsIPGYf6qpfozk383Slr', 'Gain', 'Joseph', 'giventauser@gmail.com', NULL, NULL, NULL, NULL, NULL, NULL, NULL, NULL, NULL, NULL, NULL, NULL, 'https://img.clerk.com/eyJ0eXBlIjoicHJveHkiLCJzcmMiOiJodHRwczovL2ltYWdlcy5jbGVyay5kZXYvb2F1dGhfZ29vZ2xlL2ltZ18ydlZMeGVDUnFWTnpkTDBLUXMySXNWekFBVG8ifQ', true, 'eyJhbGciOiJIUzI1NiJ9.eyJzdWIiOiJnaXZlbnRhdXNlckBnbWFpbC5jb20iLCJwdXJwb3NlIjoiZW1haWxfc3Vic2NyaXB0aW9uIiwidGVuYW50SWQiOiJ0ZW5hbnRfZGVtb18wMDIiLCJleHAiOjE3NzA5NzI2NDAsImlhdCI6MTc2ODM4MDY0MCwidXNlcklkIjoidXNlcl8ydlZMeGhQbnNJUEdZZjZxcGZvemszODNTbHIiLCJlbWFpbCI6ImdpdmVudGF1c2VyQGdtYWlsLmNvbSJ9.fd2dnuIvBoyD5fJDi2uKBA-dS8NzDscFNhIt4-e7f2s', false, 'APPROVED', 'ADMIN', '2026-01-14 00:00:00', NULL, NULL, NULL, NULL, NULL, NULL, NULL, NULL, NULL, NULL, NULL, '2025-11-03 00:24:33.657', '2026-01-14 08:50:40.793092', NULL, NULL, NULL, NULL, NULL, NULL, NULL, NULL);

INSERT INTO public.event_details (id, tenant_id, title, caption, description, start_date, promotion_start_date, end_date, start_time, end_time, timezone, location, directions_to_venue, capacity, admission_type, is_active, max_guests_per_attendee, allow_guests, require_guest_approval, enable_guest_pricing, registration_deadline, cancellation_deadline, minimum_age, maximum_age, requires_approval, enable_waitlist, enable_qr_code, external_registration_url, email_header_image_url, from_email, created_by_id, event_type_id, created_at, updated_at, is_registration_required, is_sports_event, is_live, is_featured_event, featured_event_priority_ranking, live_event_priority_ranking, donation_metadata, event_recurrence_metadata, is_recurring, recurrence_pattern, recurrence_interval, recurrence_end_type, recurrence_end_date, recurrence_occurrences, recurrence_weekly_days, recurrence_monthly_day, parent_event_id, recurrence_series_id, payment_flow_mode, manual_payment_enabled) VALUES (4, 'tenant_demo_001', 'VIP Dinner', 'Exclusive VIP Dinner', 'A dinner event for VIP guests.', '2025-09-15', '2025-01-15', '2025-09-15', '19:00', '22:00', 'America/New_York', 'Skyline Restaurant', NULL, 50, 'INVITATION_ONLY', true, 0, false, true, false, '2025-09-12 23:59:00', '2025-09-12 23:59:00', NULL, NULL, false, true, false, NULL, NULL, 'events@example.com', 5, 5, '2025-06-14 23:13:02.565', '2025-06-14 23:13:02.565', false, false, false, false, 0, 0, NULL, NULL, false, NULL, NULL, NULL, NULL, NULL, NULL, NULL, NULL, NULL, 'STRIPE_ONLY', false);

INSERT INTO public.event_details (id, tenant_id, title, caption, description, start_date, promotion_start_date, end_date, start_time, end_time, timezone, location, directions_to_venue, capacity, admission_type, is_active, max_guests_per_attendee, allow_guests, require_guest_approval, enable_guest_pricing, registration_deadline, cancellation_deadline, minimum_age, maximum_age, requires_approval, enable_waitlist, enable_qr_code, external_registration_url, email_header_image_url, from_email, created_by_id, event_type_id, created_at, updated_at, is_registration_required, is_sports_event, is_live, is_featured_event, featured_event_priority_ranking, live_event_priority_ranking, donation_metadata, event_recurrence_metadata, is_recurring, recurrence_pattern, recurrence_interval, recurrence_end_type, recurrence_end_date, recurrence_occurrences, recurrence_weekly_days, recurrence_monthly_day, parent_event_id, recurrence_series_id, payment_flow_mode, manual_payment_enabled) VALUES (7, 'tenant_demo_001', 'Spring Gala', 'Annual Spring Gala', 'A celebration of spring with music and food.', '2025-08-10', '2025-01-10', '2025-08-10', '18:00', '23:00', 'America/New_York', 'Grand Hall', NULL, 200, 'TICKETED', true, 2, true, false, true, '2025-08-05 23:59:00', '2025-08-05 23:59:00', NULL, NULL, false, true, false, NULL, NULL, 'events@example.com', 1, 1, '2025-06-14 23:13:02.565', '2025-09-04 04:48:18.789', true, false, false, false, 0, 0, NULL, NULL, false, NULL, NULL, NULL, NULL, NULL, NULL, NULL, NULL, NULL, 'STRIPE_ONLY', false);

INSERT INTO public.event_details (id, tenant_id, title, caption, description, start_date, promotion_start_date, end_date, start_time, end_time, timezone, location, directions_to_venue, capacity, admission_type, is_active, max_guests_per_attendee, allow_guests, require_guest_approval, enable_guest_pricing, registration_deadline, cancellation_deadline, minimum_age, maximum_age, requires_approval, enable_waitlist, enable_qr_code, external_registration_url, email_header_image_url, from_email, created_by_id, event_type_id, created_at, updated_at, is_registration_required, is_sports_event, is_live, is_featured_event, featured_event_priority_ranking, live_event_priority_ranking, donation_metadata, event_recurrence_metadata, is_recurring, recurrence_pattern, recurrence_interval, recurrence_end_type, recurrence_end_date, recurrence_occurrences, recurrence_weekly_days, recurrence_monthly_day, parent_event_id, recurrence_series_id, payment_flow_mode, manual_payment_enabled) VALUES (8, 'tenant_demo_001', 'Spring Gala', 'Annual Spring Gala', 'A celebration of spring with music and food.', '2025-08-10', '2025-01-12', '2025-08-10', '18:00', '23:00', 'America/New_York', 'Grand Hall', NULL, 200, 'TICKETED', true, 2, true, false, true, '2025-08-05 23:59:00', '2025-08-05 23:59:00', NULL, NULL, false, true, false, NULL, NULL, 'events@example.com', 1, 1, '2025-06-14 23:13:02.565', '2025-09-04 04:48:18.789', true, false, false, false, 0, 0, NULL, NULL, false, NULL, NULL, NULL, NULL, NULL, NULL, NULL, NULL, NULL, 'STRIPE_ONLY', false);

INSERT INTO public.event_details (id, tenant_id, title, caption, description, start_date, promotion_start_date, end_date, start_time, end_time, timezone, location, directions_to_venue, capacity, admission_type, is_active, max_guests_per_attendee, allow_guests, require_guest_approval, enable_guest_pricing, registration_deadline, cancellation_deadline, minimum_age, maximum_age, requires_approval, enable_waitlist, enable_qr_code, external_registration_url, email_header_image_url, from_email, created_by_id, event_type_id, created_at, updated_at, is_registration_required, is_sports_event, is_live, is_featured_event, featured_event_priority_ranking, live_event_priority_ranking, donation_metadata, event_recurrence_metadata, is_recurring, recurrence_pattern, recurrence_interval, recurrence_end_type, recurrence_end_date, recurrence_occurrences, recurrence_weekly_days, recurrence_monthly_day, parent_event_id, recurrence_series_id, payment_flow_mode, manual_payment_enabled) VALUES (9, 'tenant_demo_001', 'Spring Gala', 'Annual Spring Gala', 'A celebration of spring with music and food.', '2025-08-10', '2025-01-14', '2025-08-10', '18:00', '23:00', 'America/New_York', 'Grand Hall', NULL, 200, 'TICKETED', true, 2, true, false, true, '2025-08-05 23:59:00', '2025-08-05 23:59:00', NULL, NULL, false, true, false, NULL, NULL, 'events@example.com', 1, 1, '2025-06-14 23:13:02.565', '2025-09-04 04:48:18.789', true, false, false, false, 0, 0, NULL, NULL, false, NULL, NULL, NULL, NULL, NULL, NULL, NULL, NULL, NULL, 'STRIPE_ONLY', false);

INSERT INTO public.event_details (id, tenant_id, title, caption, description, start_date, promotion_start_date, end_date, start_time, end_time, timezone, location, directions_to_venue, capacity, admission_type, is_active, max_guests_per_attendee, allow_guests, require_guest_approval, enable_guest_pricing, registration_deadline, cancellation_deadline, minimum_age, maximum_age, requires_approval, enable_waitlist, enable_qr_code, external_registration_url, email_header_image_url, from_email, created_by_id, event_type_id, created_at, updated_at, is_registration_required, is_sports_event, is_live, is_featured_event, featured_event_priority_ranking, live_event_priority_ranking, donation_metadata, event_recurrence_metadata, is_recurring, recurrence_pattern, recurrence_interval, recurrence_end_type, recurrence_end_date, recurrence_occurrences, recurrence_weekly_days, recurrence_monthly_day, parent_event_id, recurrence_series_id, payment_flow_mode, manual_payment_enabled) VALUES (10, 'tenant_demo_001', 'Spring Gala', 'Annual Spring Gala', 'A celebration of spring with music and food.', '2025-08-10', '2025-01-16', '2025-08-10', '18:00', '23:00', 'America/New_York', 'Grand Hall', NULL, 200, 'TICKETED', true, 2, true, false, true, '2025-08-05 23:59:00', '2025-08-05 23:59:00', NULL, NULL, false, true, false, NULL, NULL, 'events@example.com', 1, 1, '2025-06-14 23:13:02.565', '2025-09-04 04:48:18.789', true, false, false, false, 0, 0, NULL, NULL, false, NULL, NULL, NULL, NULL, NULL, NULL, NULL, NULL, NULL, 'STRIPE_ONLY', false);

INSERT INTO public.event_details (id, tenant_id, title, caption, description, start_date, promotion_start_date, end_date, start_time, end_time, timezone, location, directions_to_venue, capacity, admission_type, is_active, max_guests_per_attendee, allow_guests, require_guest_approval, enable_guest_pricing, registration_deadline, cancellation_deadline, minimum_age, maximum_age, requires_approval, enable_waitlist, enable_qr_code, external_registration_url, email_header_image_url, from_email, created_by_id, event_type_id, created_at, updated_at, is_registration_required, is_sports_event, is_live, is_featured_event, featured_event_priority_ranking, live_event_priority_ranking, donation_metadata, event_recurrence_metadata, is_recurring, recurrence_pattern, recurrence_interval, recurrence_end_type, recurrence_end_date, recurrence_occurrences, recurrence_weekly_days, recurrence_monthly_day, parent_event_id, recurrence_series_id, payment_flow_mode, manual_payment_enabled) VALUES (6, 'tenant_demo_001', 'Spring Gala', 'Annual Spring Gala', 'A celebration of spring with music and food.', '2025-09-20', '2025-01-18', '2025-09-20', '10:00 AM', '08:00 PM', 'America/New_York', 'Grand Hall', NULL, 200, 'TICKETED', true, 2, true, false, true, '2025-08-05 23:59:00', '2025-08-05 23:59:00', NULL, NULL, false, true, false, NULL, NULL, 'events@example.com', 1, 1, '2025-06-14 23:13:02.565', '2025-09-07 18:14:15.542', true, false, false, false, 2, 0, NULL, NULL, false, NULL, NULL, NULL, NULL, NULL, NULL, NULL, NULL, NULL, 'STRIPE_ONLY', false);

INSERT INTO public.event_details (id, tenant_id, title, caption, description, start_date, promotion_start_date, end_date, start_time, end_time, timezone, location, directions_to_venue, capacity, admission_type, is_active, max_guests_per_attendee, allow_guests, require_guest_approval, enable_guest_pricing, registration_deadline, cancellation_deadline, minimum_age, maximum_age, requires_approval, enable_waitlist, enable_qr_code, external_registration_url, email_header_image_url, from_email, created_by_id, event_type_id, created_at, updated_at, is_registration_required, is_sports_event, is_live, is_featured_event, featured_event_priority_ranking, live_event_priority_ranking, donation_metadata, event_recurrence_metadata, is_recurring, recurrence_pattern, recurrence_interval, recurrence_end_type, recurrence_end_date, recurrence_occurrences, recurrence_weekly_days, recurrence_monthly_day, parent_event_id, recurrence_series_id, payment_flow_mode, manual_payment_enabled) VALUES (5, 'tenant_demo_001', 'Summer Fest', 'Summer Festival', 'A festival with games, food, and music.', '2025-09-20', '2025-01-22', '2025-09-20', '10:00', '20:00', 'America/New_York', 'Downtown Plaza', NULL, 400, 'TICKETED', true, 3, true, true, true, '2025-09-12 23:59:00', '2025-09-12 23:59:00', NULL, NULL, false, true, false, NULL, NULL, 'events@example.com', 6, 6, '2025-06-14 23:13:02.565', '2025-09-07 18:33:43.178', false, false, false, true, 4, 0, NULL, NULL, false, NULL, NULL, NULL, NULL, NULL, NULL, NULL, NULL, NULL, 'STRIPE_ONLY', false);

INSERT INTO public.event_details (id, tenant_id, title, caption, description, start_date, promotion_start_date, end_date, start_time, end_time, timezone, location, directions_to_venue, capacity, admission_type, is_active, max_guests_per_attendee, allow_guests, require_guest_approval, enable_guest_pricing, registration_deadline, cancellation_deadline, minimum_age, maximum_age, requires_approval, enable_waitlist, enable_qr_code, external_registration_url, email_header_image_url, from_email, created_by_id, event_type_id, created_at, updated_at, is_registration_required, is_sports_event, is_live, is_featured_event, featured_event_priority_ranking, live_event_priority_ranking, donation_metadata, event_recurrence_metadata, is_recurring, recurrence_pattern, recurrence_interval, recurrence_end_type, recurrence_end_date, recurrence_occurrences, recurrence_weekly_days, recurrence_monthly_day, parent_event_id, recurrence_series_id, payment_flow_mode, manual_payment_enabled) VALUES (6356, 'tenant_demo_002', 'New Year', 'A Showcase Of Performance Arts & Rhythm.', '"Spark of Kerala," a showcase of performance arts and rhythm organized by MCEFEE, taking place in the USA from August to September 2025.  Γò¼├┤Γö£├ºΓö£Γöé	Featured Artists: Swasika, Afsal, Mokksha, Akhila Anand, Veda Mithra, Sidhique Roshan, Kukku, Minnale Nazeer, Shiju, Vipin Kumar, Jojo Mathew, Suneeshmon.

Γò¼├┤Γö£├ºΓö£Γöé	Contact Information: Booking contacts Sujith (+1 551-283-2437) and Arun (+1 551-221-1972), and email contactus@mcefee.org.

', '2025-11-27', '2025-11-27', '2025-11-27', '05:00 PM', '09:00 PM', 'America/New_York', 'Breslin Performing Arts Center, 262 S Main St, Lodi, NJ 07644', NULL, 300, 'ticketed', true, 8, false, false, false, NULL, NULL, NULL, NULL, false, true, false, NULL, NULL, 'events@example.com', NULL, 3, '2025-11-19 22:14:31.359', '2025-11-20 01:15:50.261237', false, false, false, false, 0, 0, '{"isFundraiserEvent":false,"isCharityEvent":false}', NULL, false, NULL, NULL, NULL, NULL, NULL, NULL, NULL, NULL, NULL, 'STRIPE_ONLY', false);

INSERT INTO public.event_details (id, tenant_id, title, caption, description, start_date, promotion_start_date, end_date, start_time, end_time, timezone, location, directions_to_venue, capacity, admission_type, is_active, max_guests_per_attendee, allow_guests, require_guest_approval, enable_guest_pricing, registration_deadline, cancellation_deadline, minimum_age, maximum_age, requires_approval, enable_waitlist, enable_qr_code, external_registration_url, email_header_image_url, from_email, created_by_id, event_type_id, created_at, updated_at, is_registration_required, is_sports_event, is_live, is_featured_event, featured_event_priority_ranking, live_event_priority_ranking, donation_metadata, event_recurrence_metadata, is_recurring, recurrence_pattern, recurrence_interval, recurrence_end_type, recurrence_end_date, recurrence_occurrences, recurrence_weekly_days, recurrence_monthly_day, parent_event_id, recurrence_series_id, payment_flow_mode, manual_payment_enabled) VALUES (6852, 'tenant_demo_002', 'New Year', 'A Showcase Of Performance Arts & Rhythm.', '"Spark of Kerala," a showcase of performance arts and rhythm organized by MCEFEE, taking place in the USA from August to September 2025.  Γò¼├┤Γö£├ºΓö£Γöé	Featured Artists: Swasika, Afsal, Mokksha, Akhila Anand, Veda Mithra, Sidhique Roshan, Kukku, Minnale Nazeer, Shiju, Vipin Kumar, Jojo Mathew, Suneeshmon.

Γò¼├┤Γö£├ºΓö£Γöé	Contact Information: Booking contacts Sujith (+1 551-283-2437) and Arun (+1 551-221-1972), and email contactus@mcefee.org.

', '2025-11-29', '2025-11-27', '2025-11-29', '05:00 PM', '09:00 PM', 'America/New_York', 'Breslin Performing Arts Center, 262 S Main St, Lodi, NJ 07644', NULL, 300, 'ticketed', true, 8, false, false, false, NULL, NULL, NULL, NULL, false, true, false, NULL, NULL, 'events@example.com', NULL, 3, '2025-11-20 04:40:50.857912', '2025-11-20 01:15:50.261237', false, false, false, false, 0, 0, NULL, NULL, false, NULL, NULL, NULL, NULL, NULL, NULL, NULL, 6356, 6356, 'STRIPE_ONLY', false);

INSERT INTO public.event_details (id, tenant_id, title, caption, description, start_date, promotion_start_date, end_date, start_time, end_time, timezone, location, directions_to_venue, capacity, admission_type, is_active, max_guests_per_attendee, allow_guests, require_guest_approval, enable_guest_pricing, registration_deadline, cancellation_deadline, minimum_age, maximum_age, requires_approval, enable_waitlist, enable_qr_code, external_registration_url, email_header_image_url, from_email, created_by_id, event_type_id, created_at, updated_at, is_registration_required, is_sports_event, is_live, is_featured_event, featured_event_priority_ranking, live_event_priority_ranking, donation_metadata, event_recurrence_metadata, is_recurring, recurrence_pattern, recurrence_interval, recurrence_end_type, recurrence_end_date, recurrence_occurrences, recurrence_weekly_days, recurrence_monthly_day, parent_event_id, recurrence_series_id, payment_flow_mode, manual_payment_enabled) VALUES (3, 'tenant_demo_002', 'Knanaya STAGE SHOW', 'Community / Family Entertainment Day', 'Swasika | Afsal | Mokksha | Akhila Anand | Sidique Roshan | Kukku Shiju | Vipin Kumar | Jojo Mathew | Suneeshmon', '2025-11-04', '2025-11-02', '2025-11-29', '05:00 PM', '08:00 PM', 'America/New_York', 'IKCC Knanaya Community Center, 400 Willow Grv Rd, Stony Point, NY 10980', NULL, 200, 'ticketed', false, 4, true, false, false, '2025-09-05 23:59:00', '2025-09-05 23:59:00', NULL, NULL, false, true, false, NULL, NULL, 'events@example.com', 4, 1, '2025-06-14 23:13:02.565', '2025-11-20 00:37:48.917267', false, false, false, false, 0, 0, NULL, NULL, false, NULL, NULL, NULL, NULL, NULL, NULL, NULL, NULL, NULL, 'STRIPE_ONLY', false);

INSERT INTO public.event_details (id, tenant_id, title, caption, description, start_date, promotion_start_date, end_date, start_time, end_time, timezone, location, directions_to_venue, capacity, admission_type, is_active, max_guests_per_attendee, allow_guests, require_guest_approval, enable_guest_pricing, registration_deadline, cancellation_deadline, minimum_age, maximum_age, requires_approval, enable_waitlist, enable_qr_code, external_registration_url, email_header_image_url, from_email, created_by_id, event_type_id, created_at, updated_at, is_registration_required, is_sports_event, is_live, is_featured_event, featured_event_priority_ranking, live_event_priority_ranking, donation_metadata, event_recurrence_metadata, is_recurring, recurrence_pattern, recurrence_interval, recurrence_end_type, recurrence_end_date, recurrence_occurrences, recurrence_weekly_days, recurrence_monthly_day, parent_event_id, recurrence_series_id, payment_flow_mode, manual_payment_enabled) VALUES (1, 'tenant_demo_002', 'KHNJ Mega Onam 2025', 'KHNJ Mega Onam 2025', 'Grand Vazhayila Onasadhya, Mega Thiruvathira, Mahabali Procession with Thalapoli, Chendamelam, Pulikali, Cultural Programs, Meet & Greet with Friends & Family, Mega Stage Show.', '2025-09-10', '2025-01-05', '2025-09-10', '11:00 AM', '06:00 PM', 'America/New_York', 'Jo Ann Arts Center, 200 Rues Ln, East Brunswick, NJ 08816', NULL, 500, 'ticketed', false, 5, true, true, false, '2025-08-12 23:59:00', '2025-08-12 23:59:00', NULL, NULL, false, true, false, NULL, NULL, 'events@example.com', 2, 6, '2025-06-14 23:13:02.565', '2025-11-20 00:37:49.030968', false, false, false, false, 0, 0, NULL, NULL, false, NULL, NULL, NULL, NULL, NULL, NULL, NULL, NULL, NULL, 'STRIPE_ONLY', false);

INSERT INTO public.event_details (id, tenant_id, title, caption, description, start_date, promotion_start_date, end_date, start_time, end_time, timezone, location, directions_to_venue, capacity, admission_type, is_active, max_guests_per_attendee, allow_guests, require_guest_approval, enable_guest_pricing, registration_deadline, cancellation_deadline, minimum_age, maximum_age, requires_approval, enable_waitlist, enable_qr_code, external_registration_url, email_header_image_url, from_email, created_by_id, event_type_id, created_at, updated_at, is_registration_required, is_sports_event, is_live, is_featured_event, featured_event_priority_ranking, live_event_priority_ranking, donation_metadata, event_recurrence_metadata, is_recurring, recurrence_pattern, recurrence_interval, recurrence_end_type, recurrence_end_date, recurrence_occurrences, recurrence_weekly_days, recurrence_monthly_day, parent_event_id, recurrence_series_id, payment_flow_mode, manual_payment_enabled) VALUES (6901, 'tenant_demo_002', 'New Year (Copy)_2', 'A Showcase Of Performance Arts & Rhythm.', '"Spark of Kerala," a showcase of performance arts and rhythm organized by MCEFEE, taking place in the USA from August to September 2025.  Γò¼├┤Γö£├ºΓö£Γöé	Featured Artists: Swasika, Afsal, Mokksha, Akhila Anand, Veda Mithra, Sidhique Roshan, Kukku, Minnale Nazeer, Shiju, Vipin Kumar, Jojo Mathew, Suneeshmon.

Γò¼├┤Γö£├ºΓö£Γöé	Contact Information: Booking contacts Sujith (+1 551-283-2437) and Arun (+1 551-221-1972), and email contactus@mcefee.org.

', '2025-11-20', '2025-11-20', '2025-11-21', '05:00 PM', '09:00 PM', 'America/New_York', 'Breslin Performing Arts Center, 262 S Main St, Lodi, NJ 07644', NULL, 300, 'ticketed', true, 8, false, false, false, NULL, NULL, NULL, NULL, false, true, false, NULL, NULL, 'events@example.com', NULL, 3, '2025-11-20 05:17:38.905', '2025-11-20 00:52:55.888283', false, false, false, false, 0, 0, '{"isFundraiserEvent":false,"isCharityEvent":false}', NULL, false, NULL, NULL, NULL, NULL, NULL, NULL, NULL, NULL, NULL, 'STRIPE_ONLY', false);

INSERT INTO public.event_details (id, tenant_id, title, caption, description, start_date, promotion_start_date, end_date, start_time, end_time, timezone, location, directions_to_venue, capacity, admission_type, is_active, max_guests_per_attendee, allow_guests, require_guest_approval, enable_guest_pricing, registration_deadline, cancellation_deadline, minimum_age, maximum_age, requires_approval, enable_waitlist, enable_qr_code, external_registration_url, email_header_image_url, from_email, created_by_id, event_type_id, created_at, updated_at, is_registration_required, is_sports_event, is_live, is_featured_event, featured_event_priority_ranking, live_event_priority_ranking, donation_metadata, event_recurrence_metadata, is_recurring, recurrence_pattern, recurrence_interval, recurrence_end_type, recurrence_end_date, recurrence_occurrences, recurrence_weekly_days, recurrence_monthly_day, parent_event_id, recurrence_series_id, payment_flow_mode, manual_payment_enabled) VALUES (6851, 'tenant_demo_002', 'New Year', 'A Showcase Of Performance Arts & Rhythm.', '"Spark of Kerala," a showcase of performance arts and rhythm organized by MCEFEE, taking place in the USA from August to September 2025.  Γò¼├┤Γö£├ºΓö£Γöé	Featured Artists: Swasika, Afsal, Mokksha, Akhila Anand, Veda Mithra, Sidhique Roshan, Kukku, Minnale Nazeer, Shiju, Vipin Kumar, Jojo Mathew, Suneeshmon.

Γò¼├┤Γö£├ºΓö£Γöé	Contact Information: Booking contacts Sujith (+1 551-283-2437) and Arun (+1 551-221-1972), and email contactus@mcefee.org.

', '2025-11-28', '2025-11-27', '2025-11-28', '05:00 PM', '09:00 PM', 'America/New_York', 'Breslin Performing Arts Center, 262 S Main St, Lodi, NJ 07644', NULL, 300, 'ticketed', true, 8, false, false, false, NULL, NULL, NULL, NULL, false, true, false, NULL, NULL, 'events@example.com', NULL, 3, '2025-11-20 04:40:50.85454', '2025-11-20 01:15:50.261237', false, false, false, false, 0, 0, NULL, NULL, false, NULL, NULL, NULL, NULL, NULL, NULL, NULL, 6356, 6356, 'STRIPE_ONLY', false);

INSERT INTO public.event_details (id, tenant_id, title, caption, description, start_date, promotion_start_date, end_date, start_time, end_time, timezone, location, directions_to_venue, capacity, admission_type, is_active, max_guests_per_attendee, allow_guests, require_guest_approval, enable_guest_pricing, registration_deadline, cancellation_deadline, minimum_age, maximum_age, requires_approval, enable_waitlist, enable_qr_code, external_registration_url, email_header_image_url, from_email, created_by_id, event_type_id, created_at, updated_at, is_registration_required, is_sports_event, is_live, is_featured_event, featured_event_priority_ranking, live_event_priority_ranking, donation_metadata, event_recurrence_metadata, is_recurring, recurrence_pattern, recurrence_interval, recurrence_end_type, recurrence_end_date, recurrence_occurrences, recurrence_weekly_days, recurrence_monthly_day, parent_event_id, recurrence_series_id, payment_flow_mode, manual_payment_enabled) VALUES (7051, 'tenant_demo_002', 'Regn Test', '', '', '2025-12-22', '2025-12-03', '2025-12-22', '08:29 AM', '02:29 PM', 'America/Chicago', 'Grand Hall', 'fgfffgfgfgfg', NULL, 'free', true, 12, false, false, false, NULL, NULL, NULL, NULL, false, true, NULL, NULL, NULL, 'events@example.com', NULL, 2, '2025-11-22 02:30:31.39', '2025-12-03 20:20:24.835196', true, false, false, false, 0, 0, '{"isFundraiserEvent":false,"isCharityEvent":false}', NULL, false, NULL, NULL, NULL, NULL, NULL, NULL, NULL, NULL, NULL, 'STRIPE_ONLY', false);

INSERT INTO public.event_details (id, tenant_id, title, caption, description, start_date, promotion_start_date, end_date, start_time, end_time, timezone, location, directions_to_venue, capacity, admission_type, is_active, max_guests_per_attendee, allow_guests, require_guest_approval, enable_guest_pricing, registration_deadline, cancellation_deadline, minimum_age, maximum_age, requires_approval, enable_waitlist, enable_qr_code, external_registration_url, email_header_image_url, from_email, created_by_id, event_type_id, created_at, updated_at, is_registration_required, is_sports_event, is_live, is_featured_event, featured_event_priority_ranking, live_event_priority_ranking, donation_metadata, event_recurrence_metadata, is_recurring, recurrence_pattern, recurrence_interval, recurrence_end_type, recurrence_end_date, recurrence_occurrences, recurrence_weekly_days, recurrence_monthly_day, parent_event_id, recurrence_series_id, payment_flow_mode, manual_payment_enabled) VALUES (4202, 'tenant_demo_002', 'Event 2', '', '', '2026-02-26', '2026-01-14', '2026-02-27', '12:38 PM', '04:38 PM', 'Australia/Sydney', '', '', NULL, 'free', true, NULL, false, false, false, NULL, NULL, NULL, NULL, false, true, NULL, NULL, NULL, 'mosc.test@keleno.com', NULL, 5, '2026-01-14 12:37:01.643', '2026-01-14 12:37:01.643', false, false, false, false, 0, 0, '{"isFundraiserEvent":false,"isCharityEvent":false}', NULL, false, NULL, NULL, NULL, NULL, NULL, NULL, NULL, NULL, NULL, 'STRIPE_ONLY', false);

INSERT INTO public.event_details (id, tenant_id, title, caption, description, start_date, promotion_start_date, end_date, start_time, end_time, timezone, location, directions_to_venue, capacity, admission_type, is_active, max_guests_per_attendee, allow_guests, require_guest_approval, enable_guest_pricing, registration_deadline, cancellation_deadline, minimum_age, maximum_age, requires_approval, enable_waitlist, enable_qr_code, external_registration_url, email_header_image_url, from_email, created_by_id, event_type_id, created_at, updated_at, is_registration_required, is_sports_event, is_live, is_featured_event, featured_event_priority_ranking, live_event_priority_ranking, donation_metadata, event_recurrence_metadata, is_recurring, recurrence_pattern, recurrence_interval, recurrence_end_type, recurrence_end_date, recurrence_occurrences, recurrence_weekly_days, recurrence_monthly_day, parent_event_id, recurrence_series_id, payment_flow_mode, manual_payment_enabled) VALUES (2, 'tenant_demo_002', 'MCEFEE Spark of Kerala', 'A Showcase Of Performance Arts & Rhythm.', '"Spark of Kerala," a showcase of performance arts and rhythm organized by MCEFEE, taking place in the USA from August to September 2025.  Γò¼├┤Γö£├ºΓö£Γöé	Featured Artists: Swasika, Afsal, Mokksha, Akhila Anand, Veda Mithra, Sidhique Roshan, Kukku, Minnale Nazeer, Shiju, Vipin Kumar, Jojo Mathew, Suneeshmon.

Γò¼├┤Γö£├ºΓö£Γöé	Contact Information: Booking contacts Sujith (+1 551-283-2437) and Arun (+1 551-221-1972), and email contactus@mcefee.org.

', '2026-02-27', '2025-12-24', '2026-02-27', '05:00 PM', '09:00 PM', 'America/New_York', 'Breslin Performing Arts Center, 262 S Main St, Lodi, NJ 07644', NULL, 300, 'ticketed', true, 8, false, false, false, '2025-08-28 23:59:00', '2025-08-28 23:59:00', NULL, NULL, false, true, false, NULL, NULL, 'sales@giventa.com', 3, 3, '2025-06-14 23:13:02.565', '2026-01-19 01:15:02.967121', false, false, false, false, 0, 2, '{"isFundraiserEvent":false,"isCharityEvent":false}', NULL, false, NULL, NULL, NULL, NULL, NULL, NULL, NULL, NULL, NULL, 'STRIPE_ONLY', false);

INSERT INTO public.event_details (id, tenant_id, title, caption, description, start_date, promotion_start_date, end_date, start_time, end_time, timezone, location, directions_to_venue, capacity, admission_type, is_active, max_guests_per_attendee, allow_guests, require_guest_approval, enable_guest_pricing, registration_deadline, cancellation_deadline, minimum_age, maximum_age, requires_approval, enable_waitlist, enable_qr_code, external_registration_url, email_header_image_url, from_email, created_by_id, event_type_id, created_at, updated_at, is_registration_required, is_sports_event, is_live, is_featured_event, featured_event_priority_ranking, live_event_priority_ranking, donation_metadata, event_recurrence_metadata, is_recurring, recurrence_pattern, recurrence_interval, recurrence_end_type, recurrence_end_date, recurrence_occurrences, recurrence_weekly_days, recurrence_monthly_day, parent_event_id, recurrence_series_id, payment_flow_mode, manual_payment_enabled) VALUES (4201, 'tenant_demo_002', 'Event 1', '', '', '2026-02-17', '2026-01-14', '2026-02-18', '12:04 PM', '12:06 PM', 'UTC', '', '', NULL, 'ticketed', true, NULL, false, false, false, NULL, NULL, NULL, NULL, false, true, NULL, NULL, NULL, 'sales@giventa.com', NULL, 1, '2026-01-14 12:05:22.659', '2026-01-19 21:17:44.675495', false, false, false, false, 0, 0, '{"isFundraiserEvent":false,"isCharityEvent":false}', NULL, false, NULL, NULL, NULL, NULL, NULL, NULL, NULL, NULL, NULL, 'MANUAL_ONLY', true);

INSERT INTO public.event_guest_pricing (id, tenant_id, event_id, age_group, price, is_active, valid_from, valid_to, description, max_guests, pricing_tier, early_bird_price, early_bird_deadline, group_discount_threshold, group_discount_percentage, created_at, updated_at) VALUES (1, 'tenant_demo_001', 1, 'ADULT', 50.00, true, '2025-03-01', '2025-04-10', 'Adult pricing for Spring Gala', 2, 'Standard', 40.00, '2025-03-15 23:59:00', 5, 10.00, '2025-06-22 11:31:26.374558', '2025-06-22 11:31:26.374558');

INSERT INTO public.event_guest_pricing (id, tenant_id, event_id, age_group, price, is_active, valid_from, valid_to, description, max_guests, pricing_tier, early_bird_price, early_bird_deadline, group_discount_threshold, group_discount_percentage, created_at, updated_at) VALUES (2, 'tenant_demo_001', 1, 'CHILD', 25.00, true, '2025-03-01', '2025-04-10', 'Child pricing for Spring Gala', 2, 'Standard', 20.00, '2025-03-15 23:59:00', 5, 10.00, '2025-06-22 11:31:26.374558', '2025-06-22 11:31:26.374558');

INSERT INTO public.event_guest_pricing (id, tenant_id, event_id, age_group, price, is_active, valid_from, valid_to, description, max_guests, pricing_tier, early_bird_price, early_bird_deadline, group_discount_threshold, group_discount_percentage, created_at, updated_at) VALUES (3, 'tenant_demo_001', 2, 'ADULT', 100.00, true, '2025-04-01', '2025-05-15', 'Adult pricing for Tech Conference', 1, 'Premium', 80.00, '2025-04-20 23:59:00', 3, 15.00, '2025-06-22 11:31:26.374558', '2025-06-22 11:31:26.374558');

INSERT INTO public.event_guest_pricing (id, tenant_id, event_id, age_group, price, is_active, valid_from, valid_to, description, max_guests, pricing_tier, early_bird_price, early_bird_deadline, group_discount_threshold, group_discount_percentage, created_at, updated_at) VALUES (4, 'tenant_demo_001', 2, 'TEEN', 60.00, true, '2025-04-01', '2025-05-15', 'Teen pricing for Tech Conference', 1, 'Premium', 50.00, '2025-04-20 23:59:00', 3, 15.00, '2025-06-22 11:31:26.374558', '2025-06-22 11:31:26.374558');

INSERT INTO public.event_guest_pricing (id, tenant_id, event_id, age_group, price, is_active, valid_from, valid_to, description, max_guests, pricing_tier, early_bird_price, early_bird_deadline, group_discount_threshold, group_discount_percentage, created_at, updated_at) VALUES (5, 'tenant_demo_001', 3, 'ADULT', 0.00, true, '2025-05-01', '2025-06-01', 'Free for Charity Run', NULL, 'Free', NULL, NULL, NULL, NULL, '2025-06-22 11:31:26.374558', '2025-06-22 11:31:26.374558');

INSERT INTO public.event_guest_pricing (id, tenant_id, event_id, age_group, price, is_active, valid_from, valid_to, description, max_guests, pricing_tier, early_bird_price, early_bird_deadline, group_discount_threshold, group_discount_percentage, created_at, updated_at) VALUES (6, 'tenant_demo_001', 4, 'ADULT', 10.00, true, '2025-07-01', '2025-07-20', 'Adult pricing for Family Picnic', 4, 'Standard', 8.00, '2025-07-10 23:59:00', 2, 5.00, '2025-06-22 11:31:26.374558', '2025-06-22 11:31:26.374558');

INSERT INTO public.event_admin (id, tenant_id, role, permissions, is_active, created_at, updated_at, user_id, created_by_id) VALUES (1, 'tenant_demo_001', 'ADMIN', '{CREATE_EVENT,EDIT_EVENT}', true, '2025-06-22 11:31:26.430806', '2025-06-22 11:31:26.430806', 2, 1);

INSERT INTO public.event_admin (id, tenant_id, role, permissions, is_active, created_at, updated_at, user_id, created_by_id) VALUES (2, 'tenant_demo_001', 'SUPER_ADMIN', '{ALL}', true, '2025-06-22 11:31:26.430806', '2025-06-22 11:31:26.430806', 5, 2);

INSERT INTO public.event_admin (id, tenant_id, role, permissions, is_active, created_at, updated_at, user_id, created_by_id) VALUES (3, 'tenant_demo_001', 'ORGANIZER', '{MANAGE_ATTENDEES}', true, '2025-06-22 11:31:26.430806', '2025-06-22 11:31:26.430806', 4, 2);

INSERT INTO public.event_admin (id, tenant_id, role, permissions, is_active, created_at, updated_at, user_id, created_by_id) VALUES (4, 'tenant_demo_001', 'VOLUNTEER', '{ASSIST}', true, '2025-06-22 11:31:26.430806', '2025-06-22 11:31:26.430806', 3, 1);

INSERT INTO public.event_admin (id, tenant_id, role, permissions, is_active, created_at, updated_at, user_id, created_by_id) VALUES (5, 'tenant_demo_001', 'MEMBER', '{VIEW}', true, '2025-06-22 11:31:26.430806', '2025-06-22 11:31:26.430806', 1, 2);

INSERT INTO public.event_admin (id, tenant_id, role, permissions, is_active, created_at, updated_at, user_id, created_by_id) VALUES (6, 'tenant_demo_001', 'ADMIN', '{CREATE_EVENT,EDIT_EVENT}', false, '2025-06-22 11:31:26.430806', '2025-06-22 11:31:26.430806', 6, 1);

INSERT INTO public.event_admin_audit_log (id, tenant_id, action, table_name, record_id, changes, old_values, new_values, ip_address, user_agent, session_id, created_at, admin_id) VALUES (1, 'tenant_demo_001', 'UPDATE', 'event_details', '1', '{"field": "title"}', '{"title": "Old"}', '{"title": "New"}', '192.168.1.1', 'Mozilla/5.0', 'sess1', '2025-06-22 11:31:26.48504', 1);

INSERT INTO public.event_admin_audit_log (id, tenant_id, action, table_name, record_id, changes, old_values, new_values, ip_address, user_agent, session_id, created_at, admin_id) VALUES (2, 'tenant_demo_001', 'INSERT', 'event_details', '2', '{"field": "caption"}', NULL, '{"caption": "Added"}', '192.168.1.2', 'Mozilla/5.0', 'sess2', '2025-06-22 11:31:26.48504', 2);

INSERT INTO public.event_admin_audit_log (id, tenant_id, action, table_name, record_id, changes, old_values, new_values, ip_address, user_agent, session_id, created_at, admin_id) VALUES (3, 'tenant_demo_001', 'DELETE', 'event_details', '3', NULL, '{"id": 3}', NULL, '192.168.1.3', 'Mozilla/5.0', 'sess3', '2025-06-22 11:31:26.48504', 3);

INSERT INTO public.event_admin_audit_log (id, tenant_id, action, table_name, record_id, changes, old_values, new_values, ip_address, user_agent, session_id, created_at, admin_id) VALUES (4, 'tenant_demo_001', 'UPDATE', 'event_admin', '4', '{"field": "role"}', '{"role": "MEMBER"}', '{"role": "ADMIN"}', '192.168.1.4', 'Mozilla/5.0', 'sess4', '2025-06-22 11:31:26.48504', 4);

INSERT INTO public.event_admin_audit_log (id, tenant_id, action, table_name, record_id, changes, old_values, new_values, ip_address, user_agent, session_id, created_at, admin_id) VALUES (5, 'tenant_demo_001', 'INSERT', 'event_admin', '5', '{"field": "permissions"}', NULL, '{"permissions": ["ALL"]}', '192.168.1.5', 'Mozilla/5.0', 'sess5', '2025-06-22 11:31:26.48504', 5);

INSERT INTO public.event_admin_audit_log (id, tenant_id, action, table_name, record_id, changes, old_values, new_values, ip_address, user_agent, session_id, created_at, admin_id) VALUES (6, 'tenant_demo_001', 'DELETE', 'event_admin', '6', NULL, '{"id": 6}', NULL, '192.168.1.6', 'Mozilla/5.0', 'sess6', '2025-06-22 11:31:26.48504', 6);

INSERT INTO public.event_attendee (id, tenant_id, event_id, user_id, registration_status, registration_date, confirmation_date, cancellation_date, cancellation_reason, attendee_type, special_requirements, dietary_restrictions, accessibility_needs, emergency_contact_name, emergency_contact_phone, emergency_contact_relationship, total_number_of_guests, number_of_guests_checked_in, check_in_status, check_in_time, check_out_time, attendance_rating, feedback, notes, qr_code_data, qr_code_generated, qr_code_generated_at, registration_source, waitlist_position, priority_score, created_at, updated_at, first_name, last_name, email, phone, is_member) VALUES (1, 'tenant_demo_001', 1, 1, 'CONFIRMED', '2025-06-22 11:31:26.559053', NULL, NULL, NULL, 'MEMBER', NULL, NULL, NULL, NULL, NULL, NULL, NULL, NULL, 'CHECKED_IN', NULL, NULL, NULL, NULL, NULL, 'ATTENDEE:1|EVENT:1|TENANT:tenant_demo_001|NAME:Alice Johnson|EVENT_TITLE:KHNJ Mega Onam 2025|TIMESTAMP:1768874569.953494|TYPE:MEMBER', true, '2026-01-19 21:02:49.953494', 'DIRECT', NULL, 0, '2025-06-22 11:31:26.559053', '2025-06-22 11:31:26.559053', 'Alice', 'Johnson', 'alice.johnson@example.com', '555-1001', true);

INSERT INTO public.event_attendee (id, tenant_id, event_id, user_id, registration_status, registration_date, confirmation_date, cancellation_date, cancellation_reason, attendee_type, special_requirements, dietary_restrictions, accessibility_needs, emergency_contact_name, emergency_contact_phone, emergency_contact_relationship, total_number_of_guests, number_of_guests_checked_in, check_in_status, check_in_time, check_out_time, attendance_rating, feedback, notes, qr_code_data, qr_code_generated, qr_code_generated_at, registration_source, waitlist_position, priority_score, created_at, updated_at, first_name, last_name, email, phone, is_member) VALUES (2, 'tenant_demo_001', 1, 2, 'CONFIRMED', '2025-06-22 11:31:26.559053', NULL, NULL, NULL, 'ADMIN', NULL, NULL, NULL, NULL, NULL, NULL, NULL, NULL, 'NOT_CHECKED_IN', NULL, NULL, NULL, NULL, NULL, 'ATTENDEE:2|EVENT:1|TENANT:tenant_demo_001|NAME:Bob Smith|EVENT_TITLE:KHNJ Mega Onam 2025|TIMESTAMP:1768874570.015586|TYPE:ADMIN', true, '2026-01-19 21:02:50.015586', 'DIRECT', NULL, 0, '2025-06-22 11:31:26.559053', '2025-06-22 11:31:26.559053', 'Bob', 'Smith', 'bob.smith@example.com', '555-1002', true);

INSERT INTO public.event_attendee (id, tenant_id, event_id, user_id, registration_status, registration_date, confirmation_date, cancellation_date, cancellation_reason, attendee_type, special_requirements, dietary_restrictions, accessibility_needs, emergency_contact_name, emergency_contact_phone, emergency_contact_relationship, total_number_of_guests, number_of_guests_checked_in, check_in_status, check_in_time, check_out_time, attendance_rating, feedback, notes, qr_code_data, qr_code_generated, qr_code_generated_at, registration_source, waitlist_position, priority_score, created_at, updated_at, first_name, last_name, email, phone, is_member) VALUES (3, 'tenant_demo_001', 2, 3, 'PENDING', '2025-06-22 11:31:26.559053', NULL, NULL, NULL, 'VOLUNTEER', NULL, NULL, NULL, NULL, NULL, NULL, NULL, NULL, 'NOT_CHECKED_IN', NULL, NULL, NULL, NULL, NULL, NULL, false, NULL, 'DIRECT', NULL, 0, '2025-06-22 11:31:26.559053', '2025-06-22 11:31:26.559053', 'Carol', 'Williams', 'carol.williams@example.com', '555-1003', false);

INSERT INTO public.event_attendee (id, tenant_id, event_id, user_id, registration_status, registration_date, confirmation_date, cancellation_date, cancellation_reason, attendee_type, special_requirements, dietary_restrictions, accessibility_needs, emergency_contact_name, emergency_contact_phone, emergency_contact_relationship, total_number_of_guests, number_of_guests_checked_in, check_in_status, check_in_time, check_out_time, attendance_rating, feedback, notes, qr_code_data, qr_code_generated, qr_code_generated_at, registration_source, waitlist_position, priority_score, created_at, updated_at, first_name, last_name, email, phone, is_member) VALUES (4, 'tenant_demo_001', 3, 4, 'WAITLISTED', '2025-06-22 11:31:26.559053', NULL, NULL, NULL, 'ORGANIZER', NULL, NULL, NULL, NULL, NULL, NULL, NULL, NULL, 'NOT_CHECKED_IN', NULL, NULL, NULL, NULL, NULL, NULL, false, NULL, 'DIRECT', NULL, 0, '2025-06-22 11:31:26.559053', '2025-06-22 11:31:26.559053', 'David', 'Brown', 'david.brown@example.com', '555-1004', true);

INSERT INTO public.event_attendee (id, tenant_id, event_id, user_id, registration_status, registration_date, confirmation_date, cancellation_date, cancellation_reason, attendee_type, special_requirements, dietary_restrictions, accessibility_needs, emergency_contact_name, emergency_contact_phone, emergency_contact_relationship, total_number_of_guests, number_of_guests_checked_in, check_in_status, check_in_time, check_out_time, attendance_rating, feedback, notes, qr_code_data, qr_code_generated, qr_code_generated_at, registration_source, waitlist_position, priority_score, created_at, updated_at, first_name, last_name, email, phone, is_member) VALUES (5, 'tenant_demo_001', 4, 5, 'CANCELLED', '2025-06-22 11:31:26.559053', NULL, NULL, NULL, 'SUPER_ADMIN', NULL, NULL, NULL, NULL, NULL, NULL, NULL, NULL, 'NO_SHOW', NULL, NULL, NULL, NULL, NULL, NULL, false, NULL, 'DIRECT', NULL, 0, '2025-06-22 11:31:26.559053', '2025-06-22 11:31:26.559053', 'Eve', 'Davis', 'eve.davis@example.com', '555-1005', false);

INSERT INTO public.event_attendee (id, tenant_id, event_id, user_id, registration_status, registration_date, confirmation_date, cancellation_date, cancellation_reason, attendee_type, special_requirements, dietary_restrictions, accessibility_needs, emergency_contact_name, emergency_contact_phone, emergency_contact_relationship, total_number_of_guests, number_of_guests_checked_in, check_in_status, check_in_time, check_out_time, attendance_rating, feedback, notes, qr_code_data, qr_code_generated, qr_code_generated_at, registration_source, waitlist_position, priority_score, created_at, updated_at, first_name, last_name, email, phone, is_member) VALUES (6, 'tenant_demo_001', 5, 6, 'CONFIRMED', '2025-06-22 11:31:26.559053', NULL, NULL, NULL, 'MEMBER', NULL, NULL, NULL, NULL, NULL, NULL, NULL, NULL, 'CHECKED_IN', NULL, NULL, NULL, NULL, NULL, 'ATTENDEE:6|EVENT:5|TENANT:tenant_demo_001|NAME:Frank Miller|EVENT_TITLE:Summer Fest|TIMESTAMP:1768874570.142824|TYPE:MEMBER', true, '2026-01-19 21:02:50.142824', 'DIRECT', NULL, 0, '2025-06-22 11:31:26.559053', '2025-06-22 11:31:26.559053', 'Frank', 'Miller', 'frank.miller@example.com', '555-1006', true);

INSERT INTO public.event_attendee (id, tenant_id, event_id, user_id, registration_status, registration_date, confirmation_date, cancellation_date, cancellation_reason, attendee_type, special_requirements, dietary_restrictions, accessibility_needs, emergency_contact_name, emergency_contact_phone, emergency_contact_relationship, total_number_of_guests, number_of_guests_checked_in, check_in_status, check_in_time, check_out_time, attendance_rating, feedback, notes, qr_code_data, qr_code_generated, qr_code_generated_at, registration_source, waitlist_position, priority_score, created_at, updated_at, first_name, last_name, email, phone, is_member) VALUES (4301, 'tenant_demo_002', 2, NULL, 'REGISTERED', '2025-11-13 23:21:56.135', NULL, NULL, NULL, NULL, NULL, NULL, NULL, NULL, NULL, NULL, NULL, NULL, NULL, NULL, NULL, NULL, NULL, NULL, NULL, NULL, NULL, NULL, NULL, NULL, '2025-11-13 23:21:56.135', '2025-11-13 23:21:56.135', 'Gain', 'Joseph', 'giventauser@gmail.com', '', NULL);

INSERT INTO public.event_attendee (id, tenant_id, event_id, user_id, registration_status, registration_date, confirmation_date, cancellation_date, cancellation_reason, attendee_type, special_requirements, dietary_restrictions, accessibility_needs, emergency_contact_name, emergency_contact_phone, emergency_contact_relationship, total_number_of_guests, number_of_guests_checked_in, check_in_status, check_in_time, check_out_time, attendance_rating, feedback, notes, qr_code_data, qr_code_generated, qr_code_generated_at, registration_source, waitlist_position, priority_score, created_at, updated_at, first_name, last_name, email, phone, is_member) VALUES (7151, 'tenant_demo_002', 7051, NULL, 'PENDING', '2025-11-22 04:21:17.89', NULL, NULL, NULL, NULL, NULL, NULL, NULL, NULL, NULL, NULL, NULL, NULL, NULL, NULL, NULL, NULL, NULL, NULL, NULL, NULL, NULL, NULL, NULL, NULL, '2025-11-22 04:21:17.89', '2025-11-22 04:21:46.608', 'Gain Joseph', 'Joseph', 'giventauser@gmail.com', '3123430073', NULL);

INSERT INTO public.event_attendee (id, tenant_id, event_id, user_id, registration_status, registration_date, confirmation_date, cancellation_date, cancellation_reason, attendee_type, special_requirements, dietary_restrictions, accessibility_needs, emergency_contact_name, emergency_contact_phone, emergency_contact_relationship, total_number_of_guests, number_of_guests_checked_in, check_in_status, check_in_time, check_out_time, attendance_rating, feedback, notes, qr_code_data, qr_code_generated, qr_code_generated_at, registration_source, waitlist_position, priority_score, created_at, updated_at, first_name, last_name, email, phone, is_member) VALUES (7152, 'tenant_demo_002', 7051, NULL, 'REGISTERED', '2025-11-22 04:40:54.909', NULL, NULL, NULL, NULL, '', '', '', '', '', '', 0, 0, NULL, NULL, NULL, NULL, NULL, '', NULL, NULL, NULL, NULL, NULL, NULL, '2025-11-22 04:40:54.909', '2025-11-22 00:01:19.109303', 'Gain Joseph', 'Joseph', 'giventauser@gmail.com', '3123430073', NULL);

INSERT INTO public.event_attendee_guest (id, tenant_id, primary_attendee_id, age_group, relationship, special_requirements, dietary_restrictions, accessibility_needs, registration_status, check_in_status, check_in_time, check_out_time, approval_status, approved_by_id, approved_at, rejection_reason, pricing_tier, fee_amount, payment_status, notes, created_at, updated_at, first_name, last_name, email, phone) VALUES (1, 'tenant_demo_001', 1, 'CHILD', 'CHILD', NULL, NULL, NULL, 'CONFIRMED', 'CHECKED_IN', NULL, NULL, 'PENDING', NULL, NULL, NULL, NULL, 0.00, 'PENDING', NULL, '2025-06-22 11:31:26.631934', '2025-06-22 11:31:26.631934', 'Sally', 'Guest', 'sally.guest@example.com', '555-2001');

INSERT INTO public.event_attendee_guest (id, tenant_id, primary_attendee_id, age_group, relationship, special_requirements, dietary_restrictions, accessibility_needs, registration_status, check_in_status, check_in_time, check_out_time, approval_status, approved_by_id, approved_at, rejection_reason, pricing_tier, fee_amount, payment_status, notes, created_at, updated_at, first_name, last_name, email, phone) VALUES (2, 'tenant_demo_001', 2, 'ADULT', 'SPOUSE', NULL, NULL, NULL, 'CONFIRMED', 'NOT_CHECKED_IN', NULL, NULL, 'PENDING', NULL, NULL, NULL, NULL, 0.00, 'PENDING', NULL, '2025-06-22 11:31:26.631934', '2025-06-22 11:31:26.631934', 'Tom', 'Guest', 'tom.guest@example.com', '555-2002');

INSERT INTO public.event_attendee_guest (id, tenant_id, primary_attendee_id, age_group, relationship, special_requirements, dietary_restrictions, accessibility_needs, registration_status, check_in_status, check_in_time, check_out_time, approval_status, approved_by_id, approved_at, rejection_reason, pricing_tier, fee_amount, payment_status, notes, created_at, updated_at, first_name, last_name, email, phone) VALUES (3, 'tenant_demo_001', 3, 'TEEN', 'FRIEND', NULL, NULL, NULL, 'PENDING', 'NOT_CHECKED_IN', NULL, NULL, 'PENDING', NULL, NULL, NULL, NULL, 0.00, 'PENDING', NULL, '2025-06-22 11:31:26.631934', '2025-06-22 11:31:26.631934', 'Jerry', 'Guest', 'jerry.guest@example.com', '555-2003');

INSERT INTO public.event_attendee_guest (id, tenant_id, primary_attendee_id, age_group, relationship, special_requirements, dietary_restrictions, accessibility_needs, registration_status, check_in_status, check_in_time, check_out_time, approval_status, approved_by_id, approved_at, rejection_reason, pricing_tier, fee_amount, payment_status, notes, created_at, updated_at, first_name, last_name, email, phone) VALUES (4, 'tenant_demo_001', 4, 'INFANT', 'CHILD', NULL, NULL, NULL, 'WAITLISTED', 'NOT_CHECKED_IN', NULL, NULL, 'PENDING', NULL, NULL, NULL, NULL, 0.00, 'PENDING', NULL, '2025-06-22 11:31:26.631934', '2025-06-22 11:31:26.631934', 'Linda', 'Guest', 'linda.guest@example.com', '555-2004');

INSERT INTO public.event_attendee_guest (id, tenant_id, primary_attendee_id, age_group, relationship, special_requirements, dietary_restrictions, accessibility_needs, registration_status, check_in_status, check_in_time, check_out_time, approval_status, approved_by_id, approved_at, rejection_reason, pricing_tier, fee_amount, payment_status, notes, created_at, updated_at, first_name, last_name, email, phone) VALUES (5, 'tenant_demo_001', 5, 'ADULT', 'COLLEAGUE', NULL, NULL, NULL, 'CANCELLED', 'NO_SHOW', NULL, NULL, 'PENDING', NULL, NULL, NULL, NULL, 0.00, 'PENDING', NULL, '2025-06-22 11:31:26.631934', '2025-06-22 11:31:26.631934', 'Sam', 'Guest', 'sam.guest@example.com', '555-2005');

INSERT INTO public.event_attendee_guest (id, tenant_id, primary_attendee_id, age_group, relationship, special_requirements, dietary_restrictions, accessibility_needs, registration_status, check_in_status, check_in_time, check_out_time, approval_status, approved_by_id, approved_at, rejection_reason, pricing_tier, fee_amount, payment_status, notes, created_at, updated_at, first_name, last_name, email, phone) VALUES (6, 'tenant_demo_001', 6, 'CHILD', 'RELATIVE', NULL, NULL, NULL, 'CONFIRMED', 'CHECKED_IN', NULL, NULL, 'PENDING', NULL, NULL, NULL, NULL, 0.00, 'PENDING', NULL, '2025-06-22 11:31:26.631934', '2025-06-22 11:31:26.631934', 'Nina', 'Guest', 'nina.guest@example.com', '555-2006');

INSERT INTO public.event_attendee_guest (id, tenant_id, primary_attendee_id, age_group, relationship, special_requirements, dietary_restrictions, accessibility_needs, registration_status, check_in_status, check_in_time, check_out_time, approval_status, approved_by_id, approved_at, rejection_reason, pricing_tier, fee_amount, payment_status, notes, created_at, updated_at, first_name, last_name, email, phone) VALUES (7201, 'tenant_demo_002', 7151, 'Child', NULL, NULL, NULL, NULL, NULL, NULL, NULL, NULL, 'PENDING', NULL, NULL, NULL, NULL, 0.00, 'PENDING', NULL, '2025-11-22 04:21:37.789', '2025-11-22 04:21:47.809', 'ghghgh', 'ghghg', 'giventauser@gmail.com', '3123430073');

INSERT INTO public.event_calendar_entry (id, tenant_id, calendar_provider, external_event_id, calendar_link, sync_status, last_sync_at, sync_error_message, created_at, updated_at, event_id, created_by_id) VALUES (1, 'tenant_demo_001', 'Google', 'gcal_1', 'https://calendar.google.com/event1', 'PENDING', '2025-06-22 11:31:26.679295', NULL, '2025-06-22 11:31:26.679295', '2025-06-22 11:31:26.679295', 1, 1);

INSERT INTO public.event_calendar_entry (id, tenant_id, calendar_provider, external_event_id, calendar_link, sync_status, last_sync_at, sync_error_message, created_at, updated_at, event_id, created_by_id) VALUES (2, 'tenant_demo_001', 'Outlook', 'outlook_2', 'https://outlook.com/event2', 'COMPLETED', '2025-06-22 11:31:26.679295', NULL, '2025-06-22 11:31:26.679295', '2025-06-22 11:31:26.679295', 2, 2);

INSERT INTO public.event_calendar_entry (id, tenant_id, calendar_provider, external_event_id, calendar_link, sync_status, last_sync_at, sync_error_message, created_at, updated_at, event_id, created_by_id) VALUES (3, 'tenant_demo_001', 'Apple', 'apple_3', 'https://apple.com/event3', 'FAILED', '2025-06-22 11:31:26.679295', 'Error syncing', '2025-06-22 11:31:26.679295', '2025-06-22 11:31:26.679295', 3, 3);

INSERT INTO public.event_calendar_entry (id, tenant_id, calendar_provider, external_event_id, calendar_link, sync_status, last_sync_at, sync_error_message, created_at, updated_at, event_id, created_by_id) VALUES (4, 'tenant_demo_001', 'Google', 'gcal_4', 'https://calendar.google.com/event4', 'PENDING', '2025-06-22 11:31:26.679295', NULL, '2025-06-22 11:31:26.679295', '2025-06-22 11:31:26.679295', 4, 4);

INSERT INTO public.event_calendar_entry (id, tenant_id, calendar_provider, external_event_id, calendar_link, sync_status, last_sync_at, sync_error_message, created_at, updated_at, event_id, created_by_id) VALUES (5, 'tenant_demo_001', 'Outlook', 'outlook_5', 'https://outlook.com/event5', 'COMPLETED', '2025-06-22 11:31:26.679295', NULL, '2025-06-22 11:31:26.679295', '2025-06-22 11:31:26.679295', 5, 5);

INSERT INTO public.event_calendar_entry (id, tenant_id, calendar_provider, external_event_id, calendar_link, sync_status, last_sync_at, sync_error_message, created_at, updated_at, event_id, created_by_id) VALUES (6, 'tenant_demo_001', 'Apple', 'apple_6', 'https://apple.com/event6', 'FAILED', '2025-06-22 11:31:26.679295', 'Error syncing', '2025-06-22 11:31:26.679295', '2025-06-22 11:31:26.679295', 6, 6);

INSERT INTO public.event_calendar_entry (id, tenant_id, calendar_provider, external_event_id, calendar_link, sync_status, last_sync_at, sync_error_message, created_at, updated_at, event_id, created_by_id) VALUES (7101, NULL, 'GOOGLE', NULL, 'https://calendar.google.com/calendar/render?action=TEMPLATE&text=Regn%20Test&dates=20251222T082900/20251222T142900&details=&location=Grand%20Hall', 'PENDING', NULL, NULL, '2025-11-22 02:30:41.457', '2025-11-22 02:30:41.457', 7051, 4651);

INSERT INTO public.event_live_update (id, event_id, update_type, content_text, content_image_url, content_video_url, content_link_url, metadata, display_order, is_default, created_at, updated_at) VALUES (1, 1, 'INFO', 'Welcome to Spring Gala!', NULL, NULL, NULL, NULL, 1, true, '2025-06-22 11:31:26.727266', '2025-06-22 11:31:26.727266');

INSERT INTO public.event_live_update (id, event_id, update_type, content_text, content_image_url, content_video_url, content_link_url, metadata, display_order, is_default, created_at, updated_at) VALUES (2, 2, 'ALERT', 'Tech Conference Keynote at 10am', NULL, NULL, NULL, NULL, 2, false, '2025-06-22 11:31:26.727266', '2025-06-22 11:31:26.727266');

INSERT INTO public.event_live_update (id, event_id, update_type, content_text, content_image_url, content_video_url, content_link_url, metadata, display_order, is_default, created_at, updated_at) VALUES (3, 3, 'INFO', 'Charity Run starts at 7am', NULL, NULL, NULL, NULL, 3, false, '2025-06-22 11:31:26.727266', '2025-06-22 11:31:26.727266');

INSERT INTO public.event_live_update (id, event_id, update_type, content_text, content_image_url, content_video_url, content_link_url, metadata, display_order, is_default, created_at, updated_at) VALUES (4, 4, 'INFO', 'Family Picnic games at noon', NULL, NULL, NULL, NULL, 4, false, '2025-06-22 11:31:26.727266', '2025-06-22 11:31:26.727266');

INSERT INTO public.event_live_update (id, event_id, update_type, content_text, content_image_url, content_video_url, content_link_url, metadata, display_order, is_default, created_at, updated_at) VALUES (5, 5, 'ALERT', 'VIP Dinner seating at 7pm', NULL, NULL, NULL, NULL, 5, false, '2025-06-22 11:31:26.727266', '2025-06-22 11:31:26.727266');

INSERT INTO public.event_live_update (id, event_id, update_type, content_text, content_image_url, content_video_url, content_link_url, metadata, display_order, is_default, created_at, updated_at) VALUES (6, 6, 'INFO', 'Summer Fest parade at 5pm', NULL, NULL, NULL, NULL, 6, false, '2025-06-22 11:31:26.727266', '2025-06-22 11:31:26.727266');

INSERT INTO public.event_live_update_attachment (id, live_update_id, attachment_type, attachment_url, display_order, metadata, created_at, updated_at) VALUES (1, 1, 'IMAGE', 'https://example.com/image1.jpg', 1, NULL, '2025-06-22 11:31:26.770391', '2025-06-22 11:31:26.770391');

INSERT INTO public.event_live_update_attachment (id, live_update_id, attachment_type, attachment_url, display_order, metadata, created_at, updated_at) VALUES (2, 2, 'VIDEO', 'https://example.com/video2.mp4', 2, NULL, '2025-06-22 11:31:26.770391', '2025-06-22 11:31:26.770391');

INSERT INTO public.event_live_update_attachment (id, live_update_id, attachment_type, attachment_url, display_order, metadata, created_at, updated_at) VALUES (3, 3, 'IMAGE', 'https://example.com/image3.jpg', 3, NULL, '2025-06-22 11:31:26.770391', '2025-06-22 11:31:26.770391');

INSERT INTO public.event_live_update_attachment (id, live_update_id, attachment_type, attachment_url, display_order, metadata, created_at, updated_at) VALUES (4, 4, 'IMAGE', 'https://example.com/image4.jpg', 4, NULL, '2025-06-22 11:31:26.770391', '2025-06-22 11:31:26.770391');

INSERT INTO public.event_live_update_attachment (id, live_update_id, attachment_type, attachment_url, display_order, metadata, created_at, updated_at) VALUES (5, 5, 'VIDEO', 'https://example.com/video5.mp4', 5, NULL, '2025-06-22 11:31:26.770391', '2025-06-22 11:31:26.770391');

INSERT INTO public.event_live_update_attachment (id, live_update_id, attachment_type, attachment_url, display_order, metadata, created_at, updated_at) VALUES (6, 6, 'IMAGE', 'https://example.com/image6.jpg', 6, NULL, '2025-06-22 11:31:26.770391', '2025-06-22 11:31:26.770391');

INSERT INTO public.event_media (id, tenant_id, title, description, event_media_type, storage_type, file_url, file_data_content_type, content_type, file_size, is_public, event_flyer, is_email_header_image, is_event_management_official_document, pre_signed_url, pre_signed_url_expires_at, alt_text, display_order, download_count, is_featured_video, featured_video_url, is_hero_image, is_active_hero_image, start_displaying_from_date, created_at, updated_at, event_id, uploaded_by_id, sponsor_id, event_sponsors_join_id, performer_id, director_id, priority_ranking, is_home_page_hero_image, is_featured_event_image, is_live_event_image, album_id) VALUES (4050, 'tenant_demo_001', 'street_fair.jfif', '115941', 'image/jpeg', 'S3', 'https://eventapp-media-bucket.s3.us-east-2.amazonaws.com/events/tenantId/tenant_demo_001/event-id/1/street_fair_1750026381257_f70e40cf.jfif', NULL, 'image/jpeg', 10551, true, false, false, false, 'https://eventapp-media-bucket.s3.us-east-2.amazonaws.com/events/tenantId/tenant_demo_001/event-id/1/street_fair_1750026381257_f70e40cf.jfif?X-Amz-Algorithm=AWS4-HMAC-SHA256&X-Amz-Date=20250615T222621Z&X-Amz-SignedHeaders=host&X-Amz-Expires=3600&X-Amz-Credential=AKIATIT5HARDKCWNLQMU%2F20250615%2Fus-east-2%2Fs3%2Faws4_request&X-Amz-Signature=7b739490bda78d4127fbeb267d77856a11cc59a83b24e90c666a76783393e15d', NULL, NULL, NULL, NULL, false, NULL, false, false, '2025-01-15', '2025-06-15 22:26:21.363', '2025-06-15 22:26:21.363', 2, 1, NULL, NULL, NULL, NULL, 0, false, false, false, NULL);

INSERT INTO public.event_media (id, tenant_id, title, description, event_media_type, storage_type, file_url, file_data_content_type, content_type, file_size, is_public, event_flyer, is_email_header_image, is_event_management_official_document, pre_signed_url, pre_signed_url_expires_at, alt_text, display_order, download_count, is_featured_video, featured_video_url, is_hero_image, is_active_hero_image, start_displaying_from_date, created_at, updated_at, event_id, uploaded_by_id, sponsor_id, event_sponsors_join_id, performer_id, director_id, priority_ranking, is_home_page_hero_image, is_featured_event_image, is_live_event_image, album_id) VALUES (4150, 'tenant_demo_001', 'music_fest.jfif', '115943', 'image/jpeg', 'S3', 'https://eventapp-media-bucket.s3.us-east-2.amazonaws.com/events/tenantId/tenant_demo_001/event-id/1/music_fest_1750026380991_16eac442.jfif', NULL, 'image/jpeg', 13369, true, false, false, false, 'https://eventapp-media-bucket.s3.us-east-2.amazonaws.com/events/tenantId/tenant_demo_001/event-id/1/music_fest_1750026380991_16eac442.jfif?X-Amz-Algorithm=AWS4-HMAC-SHA256&X-Amz-Date=20250615T222621Z&X-Amz-SignedHeaders=host&X-Amz-Expires=3600&X-Amz-Credential=AKIATIT5HARDKCWNLQMU%2F20250615%2Fus-east-2%2Fs3%2Faws4_request&X-Amz-Signature=fe05c34013a10da60e63df0cc7bcf34a493ff96dbd9a732408bebcff759afe96', NULL, NULL, NULL, NULL, false, NULL, false, false, '2025-01-12', '2025-06-15 22:26:21.112', '2025-06-15 22:26:21.112', 1, 1, NULL, NULL, NULL, NULL, 0, false, false, false, NULL);

INSERT INTO public.event_media (id, tenant_id, title, description, event_media_type, storage_type, file_url, file_data_content_type, content_type, file_size, is_public, event_flyer, is_email_header_image, is_event_management_official_document, pre_signed_url, pre_signed_url_expires_at, alt_text, display_order, download_count, is_featured_video, featured_video_url, is_hero_image, is_active_hero_image, start_displaying_from_date, created_at, updated_at, event_id, uploaded_by_id, sponsor_id, event_sponsors_join_id, performer_id, director_id, priority_ranking, is_home_page_hero_image, is_featured_event_image, is_live_event_image, album_id) VALUES (4200, 'tenant_demo_001', 'mens_party.jfif', '115944', 'image/jpeg', 'S3', 'https://eventapp-media-bucket.s3.us-east-2.amazonaws.com/events/tenantId/tenant_demo_001/event-id/1/mens_party_1750026380857_14c08f34.jfif', NULL, 'image/jpeg', 11908, true, false, false, false, 'https://eventapp-media-bucket.s3.us-east-2.amazonaws.com/events/tenantId/tenant_demo_001/event-id/1/mens_party_1750026380857_14c08f34.jfif?X-Amz-Algorithm=AWS4-HMAC-SHA256&X-Amz-Date=20250615T222620Z&X-Amz-SignedHeaders=host&X-Amz-Expires=3599&X-Amz-Credential=AKIATIT5HARDKCWNLQMU%2F20250615%2Fus-east-2%2Fs3%2Faws4_request&X-Amz-Signature=9b8f1373e82b4c9ef900736e3955434b27150e958e7816aa6e65bd9ae42e1080', NULL, NULL, NULL, NULL, false, NULL, false, false, '2025-01-14', '2025-06-15 22:26:20.99', '2025-06-15 22:26:20.99', 1, 1, NULL, NULL, NULL, NULL, 0, false, false, false, NULL);

INSERT INTO public.event_media (id, tenant_id, title, description, event_media_type, storage_type, file_url, file_data_content_type, content_type, file_size, is_public, event_flyer, is_email_header_image, is_event_management_official_document, pre_signed_url, pre_signed_url_expires_at, alt_text, display_order, download_count, is_featured_video, featured_video_url, is_hero_image, is_active_hero_image, start_displaying_from_date, created_at, updated_at, event_id, uploaded_by_id, sponsor_id, event_sponsors_join_id, performer_id, director_id, priority_ranking, is_home_page_hero_image, is_featured_event_image, is_live_event_image, album_id) VALUES (4250, 'tenant_demo_001', 'kanj_cine_star_nite_2025.avif', '115945', 'image/avif', 'S3', 'https://eventapp-media-bucket.s3.us-east-2.amazonaws.com/events/tenantId/tenant_demo_001/event-id/1/kanj_cine_star_nite_2025_1750026380584_8b2bfa97.avif', NULL, 'image/avif', 76564, true, false, false, false, 'https://eventapp-media-bucket.s3.us-east-2.amazonaws.com/events/tenantId/tenant_demo_001/event-id/1/kanj_cine_star_nite_2025_1750026380584_8b2bfa97.avif?X-Amz-Algorithm=AWS4-HMAC-SHA256&X-Amz-Date=20250615T222620Z&X-Amz-SignedHeaders=host&X-Amz-Expires=3599&X-Amz-Credential=AKIATIT5HARDKCWNLQMU%2F20250615%2Fus-east-2%2Fs3%2Faws4_request&X-Amz-Signature=c73013131cf421a28789e4fa611ce521b4c6d2f7998fa2e72551c10aa70e8070', NULL, NULL, NULL, NULL, false, NULL, false, false, '2025-01-16', '2025-06-15 22:26:20.856', '2025-06-15 22:26:20.856', 1, 1, NULL, NULL, NULL, NULL, 0, false, false, false, NULL);

INSERT INTO public.event_media (id, tenant_id, title, description, event_media_type, storage_type, file_url, file_data_content_type, content_type, file_size, is_public, event_flyer, is_email_header_image, is_event_management_official_document, pre_signed_url, pre_signed_url_expires_at, alt_text, display_order, download_count, is_featured_video, featured_video_url, is_hero_image, is_active_hero_image, start_displaying_from_date, created_at, updated_at, event_id, uploaded_by_id, sponsor_id, event_sponsors_join_id, performer_id, director_id, priority_ranking, is_home_page_hero_image, is_featured_event_image, is_live_event_image, album_id) VALUES (4300, 'tenant_demo_001', 'glow_party.jfif', '115946', 'image/jpeg', 'S3', 'https://eventapp-media-bucket.s3.us-east-2.amazonaws.com/events/tenantId/tenant_demo_001/event-id/1/glow_party_1750026380446_f58e53cd.jfif', NULL, 'image/jpeg', 14345, true, false, false, false, 'https://eventapp-media-bucket.s3.us-east-2.amazonaws.com/events/tenantId/tenant_demo_001/event-id/1/glow_party_1750026380446_f58e53cd.jfif?X-Amz-Algorithm=AWS4-HMAC-SHA256&X-Amz-Date=20250615T222620Z&X-Amz-SignedHeaders=host&X-Amz-Expires=3600&X-Amz-Credential=AKIATIT5HARDKCWNLQMU%2F20250615%2Fus-east-2%2Fs3%2Faws4_request&X-Amz-Signature=67f5380e4492f8716887259519c3d1e98ac6b969079e15f80396d38c6a1a4273', NULL, NULL, NULL, NULL, false, NULL, false, false, '2025-01-18', '2025-06-15 22:26:20.583', '2025-06-15 22:26:20.583', 1, 1, NULL, NULL, NULL, NULL, 0, false, false, false, NULL);

INSERT INTO public.event_media (id, tenant_id, title, description, event_media_type, storage_type, file_url, file_data_content_type, content_type, file_size, is_public, event_flyer, is_email_header_image, is_event_management_official_document, pre_signed_url, pre_signed_url_expires_at, alt_text, display_order, download_count, is_featured_video, featured_video_url, is_hero_image, is_active_hero_image, start_displaying_from_date, created_at, updated_at, event_id, uploaded_by_id, sponsor_id, event_sponsors_join_id, performer_id, director_id, priority_ranking, is_home_page_hero_image, is_featured_event_image, is_live_event_image, album_id) VALUES (4350, 'tenant_demo_001', 'zxz', '115947', 'image/jpeg', 'S3', 'https://eventapp-media-bucket.s3.us-east-2.amazonaws.com/events/tenantId/tenant_demo_001/event-id/1/event-poster-music-event_1749958343913_61cef052.jpg', NULL, 'image/jpeg', 26137, true, false, false, false, 'https://eventapp-media-bucket.s3.us-east-2.amazonaws.com/events/tenantId/tenant_demo_001/event-id/1/event-poster-music-event_1749958343913_61cef052.jpg?X-Amz-Algorithm=AWS4-HMAC-SHA256&X-Amz-Date=20250615T033224Z&X-Amz-SignedHeaders=host&X-Amz-Expires=3599&X-Amz-Credential=AKIATIT5HARDKCWNLQMU%2F20250615%2Fus-east-2%2Fs3%2Faws4_request&X-Amz-Signature=f4a4017dbd783d610b73d436526f49fede315bf8f99b7c11e11f765fa0bcd712', NULL, NULL, NULL, NULL, false, NULL, false, false, '2025-01-20', '2025-06-15 03:32:24.279', '2025-06-15 03:32:24.279', 1, 1, NULL, NULL, NULL, NULL, 0, false, false, false, NULL);

INSERT INTO public.event_media (id, tenant_id, title, description, event_media_type, storage_type, file_url, file_data_content_type, content_type, file_size, is_public, event_flyer, is_email_header_image, is_event_management_official_document, pre_signed_url, pre_signed_url_expires_at, alt_text, display_order, download_count, is_featured_video, featured_video_url, is_hero_image, is_active_hero_image, start_displaying_from_date, created_at, updated_at, event_id, uploaded_by_id, sponsor_id, event_sponsors_join_id, performer_id, director_id, priority_ranking, is_home_page_hero_image, is_featured_event_image, is_live_event_image, album_id) VALUES (4400, 'tenant_demo_001', 'xcxcxcxxcxcxc', '115948', 'image/jpeg', 'S3', 'https://eventapp-media-bucket.s3.us-east-2.amazonaws.com/events/tenantId/tenant_demo_001/event-id/4500/glow_party_1750045122643_236bc54f.jfif', NULL, 'image/jpeg', 14345, true, false, false, false, 'https://eventapp-media-bucket.s3.us-east-2.amazonaws.com/events/tenantId/tenant_demo_001/event-id/4500/glow_party_1750045122643_236bc54f.jfif?X-Amz-Algorithm=AWS4-HMAC-SHA256&X-Amz-Date=20250616T033843Z&X-Amz-SignedHeaders=host&X-Amz-Expires=3600&X-Amz-Credential=AKIATIT5HARDKCWNLQMU%2F20250616%2Fus-east-2%2Fs3%2Faws4_request&X-Amz-Signature=f58364d96ff6d0a6127e70f1bd13fa54fe5dda93961360cfb8f3048cc208ee3f', NULL, NULL, NULL, NULL, false, NULL, false, false, '2025-01-22', '2025-06-16 03:38:43.045', '2025-06-16 03:38:43.045', 1, 1, NULL, NULL, NULL, NULL, 0, false, false, false, NULL);

INSERT INTO public.event_media (id, tenant_id, title, description, event_media_type, storage_type, file_url, file_data_content_type, content_type, file_size, is_public, event_flyer, is_email_header_image, is_event_management_official_document, pre_signed_url, pre_signed_url_expires_at, alt_text, display_order, download_count, is_featured_video, featured_video_url, is_hero_image, is_active_hero_image, start_displaying_from_date, created_at, updated_at, event_id, uploaded_by_id, sponsor_id, event_sponsors_join_id, performer_id, director_id, priority_ranking, is_home_page_hero_image, is_featured_event_image, is_live_event_image, album_id) VALUES (4450, 'tenant_demo_001', 'kanj_cine_star_nite_2025.avif', NULL, 'image/avif', 'S3', 'https://eventapp-media-bucket.s3.us-east-2.amazonaws.com/events/tenantId/tenant_demo_001/event-id/4500/kanj_cine_star_nite_2025_1750045123063_470db4ac.avif', NULL, 'image/avif', 76564, true, false, false, false, 'https://eventapp-media-bucket.s3.us-east-2.amazonaws.com/events/tenantId/tenant_demo_001/event-id/4500/kanj_cine_star_nite_2025_1750045123063_470db4ac.avif?X-Amz-Algorithm=AWS4-HMAC-SHA256&X-Amz-Date=20250616T033843Z&X-Amz-SignedHeaders=host&X-Amz-Expires=3599&X-Amz-Credential=AKIATIT5HARDKCWNLQMU%2F20250616%2Fus-east-2%2Fs3%2Faws4_request&X-Amz-Signature=96f8190f8b95f7185b5d7f92423c3682577db0728032abee59b781f82e280718', NULL, NULL, NULL, NULL, false, NULL, false, false, '2025-01-24', '2025-06-16 03:38:43.228', '2025-06-16 03:38:43.228', 2, 1, NULL, NULL, NULL, NULL, 0, false, false, false, NULL);

INSERT INTO public.event_media (id, tenant_id, title, description, event_media_type, storage_type, file_url, file_data_content_type, content_type, file_size, is_public, event_flyer, is_email_header_image, is_event_management_official_document, pre_signed_url, pre_signed_url_expires_at, alt_text, display_order, download_count, is_featured_video, featured_video_url, is_hero_image, is_active_hero_image, start_displaying_from_date, created_at, updated_at, event_id, uploaded_by_id, sponsor_id, event_sponsors_join_id, performer_id, director_id, priority_ranking, is_home_page_hero_image, is_featured_event_image, is_live_event_image, album_id) VALUES (4500, 'tenant_demo_001', 'mens_party.jfif', NULL, 'image/jpeg', 'S3', 'https://eventapp-media-bucket.s3.us-east-2.amazonaws.com/events/tenantId/tenant_demo_001/event-id/4500/mens_party_1750045123229_c2447fa3.jfif', NULL, 'image/jpeg', 11908, true, false, false, false, 'https://eventapp-media-bucket.s3.us-east-2.amazonaws.com/events/tenantId/tenant_demo_001/event-id/4500/mens_party_1750045123229_c2447fa3.jfif?X-Amz-Algorithm=AWS4-HMAC-SHA256&X-Amz-Date=20250616T033843Z&X-Amz-SignedHeaders=host&X-Amz-Expires=3599&X-Amz-Credential=AKIATIT5HARDKCWNLQMU%2F20250616%2Fus-east-2%2Fs3%2Faws4_request&X-Amz-Signature=74d7c46ca459bfa5e451dd145e63b4b845b87fb8979796ee8dfd77e77262864c', NULL, NULL, NULL, NULL, false, NULL, false, false, '2025-01-26', '2025-06-16 03:38:43.33', '2025-06-16 03:38:43.33', 1, 1, NULL, NULL, NULL, NULL, 0, false, false, false, NULL);

INSERT INTO public.event_media (id, tenant_id, title, description, event_media_type, storage_type, file_url, file_data_content_type, content_type, file_size, is_public, event_flyer, is_email_header_image, is_event_management_official_document, pre_signed_url, pre_signed_url_expires_at, alt_text, display_order, download_count, is_featured_video, featured_video_url, is_hero_image, is_active_hero_image, start_displaying_from_date, created_at, updated_at, event_id, uploaded_by_id, sponsor_id, event_sponsors_join_id, performer_id, director_id, priority_ranking, is_home_page_hero_image, is_featured_event_image, is_live_event_image, album_id) VALUES (4550, 'tenant_demo_001', 'street_fair.jfif', '115941', 'image/jpeg', 'S3', 'https://eventapp-media-bucket.s3.us-east-2.amazonaws.com/events/tenantId/tenant_demo_001/event-id/1/street_fair_1750026381257_f70e40cf.jfif', NULL, 'image/jpeg', 10551, true, false, false, false, 'https://eventapp-media-bucket.s3.us-east-2.amazonaws.com/events/tenantId/tenant_demo_001/event-id/1/street_fair_1750026381257_f70e40cf.jfif?X-Amz-Algorithm=AWS4-HMAC-SHA256&X-Amz-Date=20250615T222621Z&X-Amz-SignedHeaders=host&X-Amz-Expires=3600&X-Amz-Credential=AKIATIT5HARDKCWNLQMU%2F20250615%2Fus-east-2%2Fs3%2Faws4_request&X-Amz-Signature=7b739490bda78d4127fbeb267d77856a11cc59a83b24e90c666a76783393e15d', NULL, NULL, NULL, NULL, false, NULL, false, false, '2025-01-15', '2025-06-15 22:26:21.363', '2025-06-15 22:26:21.363', 2, 1, NULL, NULL, NULL, NULL, 0, false, false, false, NULL);

INSERT INTO public.event_media (id, tenant_id, title, description, event_media_type, storage_type, file_url, file_data_content_type, content_type, file_size, is_public, event_flyer, is_email_header_image, is_event_management_official_document, pre_signed_url, pre_signed_url_expires_at, alt_text, display_order, download_count, is_featured_video, featured_video_url, is_hero_image, is_active_hero_image, start_displaying_from_date, created_at, updated_at, event_id, uploaded_by_id, sponsor_id, event_sponsors_join_id, performer_id, director_id, priority_ranking, is_home_page_hero_image, is_featured_event_image, is_live_event_image, album_id) VALUES (4650, 'tenant_demo_001', 'music_fest.jfif', '115943', 'image/jpeg', 'S3', 'https://eventapp-media-bucket.s3.us-east-2.amazonaws.com/events/tenantId/tenant_demo_001/event-id/1/music_fest_1750026380991_16eac442.jfif', NULL, 'image/jpeg', 13369, true, false, false, false, 'https://eventapp-media-bucket.s3.us-east-2.amazonaws.com/events/tenantId/tenant_demo_001/event-id/1/music_fest_1750026380991_16eac442.jfif?X-Amz-Algorithm=AWS4-HMAC-SHA256&X-Amz-Date=20250615T222621Z&X-Amz-SignedHeaders=host&X-Amz-Expires=3600&X-Amz-Credential=AKIATIT5HARDKCWNLQMU%2F20250615%2Fus-east-2%2Fs3%2Faws4_request&X-Amz-Signature=fe05c34013a10da60e63df0cc7bcf34a493ff96dbd9a732408bebcff759afe96', NULL, NULL, NULL, NULL, false, NULL, false, false, '2025-01-12', '2025-06-15 22:26:21.112', '2025-06-15 22:26:21.112', 1, 1, NULL, NULL, NULL, NULL, 0, false, false, false, NULL);

INSERT INTO public.event_media (id, tenant_id, title, description, event_media_type, storage_type, file_url, file_data_content_type, content_type, file_size, is_public, event_flyer, is_email_header_image, is_event_management_official_document, pre_signed_url, pre_signed_url_expires_at, alt_text, display_order, download_count, is_featured_video, featured_video_url, is_hero_image, is_active_hero_image, start_displaying_from_date, created_at, updated_at, event_id, uploaded_by_id, sponsor_id, event_sponsors_join_id, performer_id, director_id, priority_ranking, is_home_page_hero_image, is_featured_event_image, is_live_event_image, album_id) VALUES (4700, 'tenant_demo_001', 'mens_party.jfif', '115944', 'image/jpeg', 'S3', 'https://eventapp-media-bucket.s3.us-east-2.amazonaws.com/events/tenantId/tenant_demo_001/event-id/1/mens_party_1750026380857_14c08f34.jfif', NULL, 'image/jpeg', 11908, true, false, false, false, 'https://eventapp-media-bucket.s3.us-east-2.amazonaws.com/events/tenantId/tenant_demo_001/event-id/1/mens_party_1750026380857_14c08f34.jfif?X-Amz-Algorithm=AWS4-HMAC-SHA256&X-Amz-Date=20250615T222620Z&X-Amz-SignedHeaders=host&X-Amz-Expires=3599&X-Amz-Credential=AKIATIT5HARDKCWNLQMU%2F20250615%2Fus-east-2%2Fs3%2Faws4_request&X-Amz-Signature=9b8f1373e82b4c9ef900736e3955434b27150e958e7816aa6e65bd9ae42e1080', NULL, NULL, NULL, NULL, false, NULL, false, false, '2025-01-14', '2025-06-15 22:26:20.99', '2025-06-15 22:26:20.99', 1, 1, NULL, NULL, NULL, NULL, 0, false, false, false, NULL);

INSERT INTO public.event_media (id, tenant_id, title, description, event_media_type, storage_type, file_url, file_data_content_type, content_type, file_size, is_public, event_flyer, is_email_header_image, is_event_management_official_document, pre_signed_url, pre_signed_url_expires_at, alt_text, display_order, download_count, is_featured_video, featured_video_url, is_hero_image, is_active_hero_image, start_displaying_from_date, created_at, updated_at, event_id, uploaded_by_id, sponsor_id, event_sponsors_join_id, performer_id, director_id, priority_ranking, is_home_page_hero_image, is_featured_event_image, is_live_event_image, album_id) VALUES (4750, 'tenant_demo_001', 'kanj_cine_star_nite_2025.avif', '115945', 'image/avif', 'S3', 'https://eventapp-media-bucket.s3.us-east-2.amazonaws.com/events/tenantId/tenant_demo_001/event-id/1/kanj_cine_star_nite_2025_1750026380584_8b2bfa97.avif', NULL, 'image/avif', 76564, true, false, false, false, 'https://eventapp-media-bucket.s3.us-east-2.amazonaws.com/events/tenantId/tenant_demo_001/event-id/1/kanj_cine_star_nite_2025_1750026380584_8b2bfa97.avif?X-Amz-Algorithm=AWS4-HMAC-SHA256&X-Amz-Date=20250615T222620Z&X-Amz-SignedHeaders=host&X-Amz-Expires=3599&X-Amz-Credential=AKIATIT5HARDKCWNLQMU%2F20250615%2Fus-east-2%2Fs3%2Faws4_request&X-Amz-Signature=c73013131cf421a28789e4fa611ce521b4c6d2f7998fa2e72551c10aa70e8070', NULL, NULL, NULL, NULL, false, NULL, false, false, '2025-01-16', '2025-06-15 22:26:20.856', '2025-06-15 22:26:20.856', 1, 1, NULL, NULL, NULL, NULL, 0, false, false, false, NULL);

INSERT INTO public.event_media (id, tenant_id, title, description, event_media_type, storage_type, file_url, file_data_content_type, content_type, file_size, is_public, event_flyer, is_email_header_image, is_event_management_official_document, pre_signed_url, pre_signed_url_expires_at, alt_text, display_order, download_count, is_featured_video, featured_video_url, is_hero_image, is_active_hero_image, start_displaying_from_date, created_at, updated_at, event_id, uploaded_by_id, sponsor_id, event_sponsors_join_id, performer_id, director_id, priority_ranking, is_home_page_hero_image, is_featured_event_image, is_live_event_image, album_id) VALUES (4800, 'tenant_demo_001', 'glow_party.jfif', '115946', 'image/jpeg', 'S3', 'https://eventapp-media-bucket.s3.us-east-2.amazonaws.com/events/tenantId/tenant_demo_001/event-id/1/glow_party_1750026380446_f58e53cd.jfif', NULL, 'image/jpeg', 14345, true, false, false, false, 'https://eventapp-media-bucket.s3.us-east-2.amazonaws.com/events/tenantId/tenant_demo_001/event-id/1/glow_party_1750026380446_f58e53cd.jfif?X-Amz-Algorithm=AWS4-HMAC-SHA256&X-Amz-Date=20250615T222620Z&X-Amz-SignedHeaders=host&X-Amz-Expires=3600&X-Amz-Credential=AKIATIT5HARDKCWNLQMU%2F20250615%2Fus-east-2%2Fs3%2Faws4_request&X-Amz-Signature=67f5380e4492f8716887259519c3d1e98ac6b969079e15f80396d38c6a1a4273', NULL, NULL, NULL, NULL, false, NULL, false, false, '2025-01-18', '2025-06-15 22:26:20.583', '2025-06-15 22:26:20.583', 1, 1, NULL, NULL, NULL, NULL, 0, false, false, false, NULL);

INSERT INTO public.event_media (id, tenant_id, title, description, event_media_type, storage_type, file_url, file_data_content_type, content_type, file_size, is_public, event_flyer, is_email_header_image, is_event_management_official_document, pre_signed_url, pre_signed_url_expires_at, alt_text, display_order, download_count, is_featured_video, featured_video_url, is_hero_image, is_active_hero_image, start_displaying_from_date, created_at, updated_at, event_id, uploaded_by_id, sponsor_id, event_sponsors_join_id, performer_id, director_id, priority_ranking, is_home_page_hero_image, is_featured_event_image, is_live_event_image, album_id) VALUES (4850, 'tenant_demo_001', 'zxz', '115947', 'image/jpeg', 'S3', 'https://eventapp-media-bucket.s3.us-east-2.amazonaws.com/events/tenantId/tenant_demo_001/event-id/1/event-poster-music-event_1749958343913_61cef052.jpg', NULL, 'image/jpeg', 26137, true, false, false, false, 'https://eventapp-media-bucket.s3.us-east-2.amazonaws.com/events/tenantId/tenant_demo_001/event-id/1/event-poster-music-event_1749958343913_61cef052.jpg?X-Amz-Algorithm=AWS4-HMAC-SHA256&X-Amz-Date=20250615T033224Z&X-Amz-SignedHeaders=host&X-Amz-Expires=3599&X-Amz-Credential=AKIATIT5HARDKCWNLQMU%2F20250615%2Fus-east-2%2Fs3%2Faws4_request&X-Amz-Signature=f4a4017dbd783d610b73d436526f49fede315bf8f99b7c11e11f765fa0bcd712', NULL, NULL, NULL, NULL, false, NULL, false, false, '2025-01-20', '2025-06-15 03:32:24.279', '2025-06-15 03:32:24.279', 1, 1, NULL, NULL, NULL, NULL, 0, false, false, false, NULL);

INSERT INTO public.event_media (id, tenant_id, title, description, event_media_type, storage_type, file_url, file_data_content_type, content_type, file_size, is_public, event_flyer, is_email_header_image, is_event_management_official_document, pre_signed_url, pre_signed_url_expires_at, alt_text, display_order, download_count, is_featured_video, featured_video_url, is_hero_image, is_active_hero_image, start_displaying_from_date, created_at, updated_at, event_id, uploaded_by_id, sponsor_id, event_sponsors_join_id, performer_id, director_id, priority_ranking, is_home_page_hero_image, is_featured_event_image, is_live_event_image, album_id) VALUES (4900, 'tenant_demo_001', 'xcxcxcxxcxcxc', '115948', 'image/jpeg', 'S3', 'https://eventapp-media-bucket.s3.us-east-2.amazonaws.com/events/tenantId/tenant_demo_001/event-id/4500/glow_party_1750045122643_236bc54f.jfif', NULL, 'image/jpeg', 14345, true, false, false, false, 'https://eventapp-media-bucket.s3.us-east-2.amazonaws.com/events/tenantId/tenant_demo_001/event-id/4500/glow_party_1750045122643_236bc54f.jfif?X-Amz-Algorithm=AWS4-HMAC-SHA256&X-Amz-Date=20250616T033843Z&X-Amz-SignedHeaders=host&X-Amz-Expires=3600&X-Amz-Credential=AKIATIT5HARDKCWNLQMU%2F20250616%2Fus-east-2%2Fs3%2Faws4_request&X-Amz-Signature=f58364d96ff6d0a6127e70f1bd13fa54fe5dda93961360cfb8f3048cc208ee3f', NULL, NULL, NULL, NULL, false, NULL, false, false, '2025-01-22', '2025-06-16 03:38:43.045', '2025-06-16 03:38:43.045', 1, 1, NULL, NULL, NULL, NULL, 0, false, false, false, NULL);

INSERT INTO public.event_media (id, tenant_id, title, description, event_media_type, storage_type, file_url, file_data_content_type, content_type, file_size, is_public, event_flyer, is_email_header_image, is_event_management_official_document, pre_signed_url, pre_signed_url_expires_at, alt_text, display_order, download_count, is_featured_video, featured_video_url, is_hero_image, is_active_hero_image, start_displaying_from_date, created_at, updated_at, event_id, uploaded_by_id, sponsor_id, event_sponsors_join_id, performer_id, director_id, priority_ranking, is_home_page_hero_image, is_featured_event_image, is_live_event_image, album_id) VALUES (4950, 'tenant_demo_001', 'kanj_cine_star_nite_2025.avif', NULL, 'image/avif', 'S3', 'https://eventapp-media-bucket.s3.us-east-2.amazonaws.com/events/tenantId/tenant_demo_001/event-id/4500/kanj_cine_star_nite_2025_1750045123063_470db4ac.avif', NULL, 'image/avif', 76564, true, false, false, false, 'https://eventapp-media-bucket.s3.us-east-2.amazonaws.com/events/tenantId/tenant_demo_001/event-id/4500/kanj_cine_star_nite_2025_1750045123063_470db4ac.avif?X-Amz-Algorithm=AWS4-HMAC-SHA256&X-Amz-Date=20250616T033843Z&X-Amz-SignedHeaders=host&X-Amz-Expires=3599&X-Amz-Credential=AKIATIT5HARDKCWNLQMU%2F20250616%2Fus-east-2%2Fs3%2Faws4_request&X-Amz-Signature=96f8190f8b95f7185b5d7f92423c3682577db0728032abee59b781f82e280718', NULL, NULL, NULL, NULL, false, NULL, false, false, '2025-01-24', '2025-06-16 03:38:43.228', '2025-06-16 03:38:43.228', 2, 1, NULL, NULL, NULL, NULL, 0, false, false, false, NULL);

INSERT INTO public.event_media (id, tenant_id, title, description, event_media_type, storage_type, file_url, file_data_content_type, content_type, file_size, is_public, event_flyer, is_email_header_image, is_event_management_official_document, pre_signed_url, pre_signed_url_expires_at, alt_text, display_order, download_count, is_featured_video, featured_video_url, is_hero_image, is_active_hero_image, start_displaying_from_date, created_at, updated_at, event_id, uploaded_by_id, sponsor_id, event_sponsors_join_id, performer_id, director_id, priority_ranking, is_home_page_hero_image, is_featured_event_image, is_live_event_image, album_id) VALUES (5000, 'tenant_demo_001', 'mens_party.jfif', NULL, 'image/jpeg', 'S3', 'https://eventapp-media-bucket.s3.us-east-2.amazonaws.com/events/tenantId/tenant_demo_001/event-id/4500/mens_party_1750045123229_c2447fa3.jfif', NULL, 'image/jpeg', 11908, true, false, false, false, 'https://eventapp-media-bucket.s3.us-east-2.amazonaws.com/events/tenantId/tenant_demo_001/event-id/4500/mens_party_1750045123229_c2447fa3.jfif?X-Amz-Algorithm=AWS4-HMAC-SHA256&X-Amz-Date=20250616T033843Z&X-Amz-SignedHeaders=host&X-Amz-Expires=3599&X-Amz-Credential=AKIATIT5HARDKCWNLQMU%2F20250616%2Fus-east-2%2Fs3%2Faws4_request&X-Amz-Signature=74d7c46ca459bfa5e451dd145e63b4b845b87fb8979796ee8dfd77e77262864c', NULL, NULL, NULL, NULL, false, NULL, false, false, '2025-01-26', '2025-06-16 03:38:43.33', '2025-06-16 03:38:43.33', 1, 1, NULL, NULL, NULL, NULL, 0, false, false, false, NULL);

INSERT INTO public.event_media (id, tenant_id, title, description, event_media_type, storage_type, file_url, file_data_content_type, content_type, file_size, is_public, event_flyer, is_email_header_image, is_event_management_official_document, pre_signed_url, pre_signed_url_expires_at, alt_text, display_order, download_count, is_featured_video, featured_video_url, is_hero_image, is_active_hero_image, start_displaying_from_date, created_at, updated_at, event_id, uploaded_by_id, sponsor_id, event_sponsors_join_id, performer_id, director_id, priority_ranking, is_home_page_hero_image, is_featured_event_image, is_live_event_image, album_id) VALUES (5050, 'tenant_demo_001', 'music_fest.jfif', NULL, 'image/jpeg', 'S3', 'https://eventapp-media-bucket.s3.us-east-2.amazonaws.com/events/tenantId/tenant_demo_001/event-id/4500/music_fest_1750045123331_4703ef82.jfif', NULL, 'image/jpeg', 13369, true, false, false, false, 'https://eventapp-media-bucket.s3.us-east-2.amazonaws.com/events/tenantId/tenant_demo_001/event-id/4500/music_fest_1750045123331_4703ef82.jfif?X-Amz-Algorithm=AWS4-HMAC-SHA256&X-Amz-Date=20250616T033843Z&X-Amz-SignedHeaders=host&X-Amz-Expires=3600&X-Amz-Credential=AKIATIT5HARDKCWNLQMU%2F20250616%2Fus-east-2%2Fs3%2Faws4_request&X-Amz-Signature=ccafab0578292825faf548600cc8c7b7b97623ed7dff502f5bc3da8d9be5dd2c', NULL, NULL, NULL, NULL, false, NULL, false, false, '2025-01-28', '2025-06-16 03:38:43.437', '2025-06-16 03:38:43.437', 1, 1, NULL, NULL, NULL, NULL, 0, false, false, false, NULL);

INSERT INTO public.event_media (id, tenant_id, title, description, event_media_type, storage_type, file_url, file_data_content_type, content_type, file_size, is_public, event_flyer, is_email_header_image, is_event_management_official_document, pre_signed_url, pre_signed_url_expires_at, alt_text, display_order, download_count, is_featured_video, featured_video_url, is_hero_image, is_active_hero_image, start_displaying_from_date, created_at, updated_at, event_id, uploaded_by_id, sponsor_id, event_sponsors_join_id, performer_id, director_id, priority_ranking, is_home_page_hero_image, is_featured_event_image, is_live_event_image, album_id) VALUES (5100, 'tenant_demo_001', 'night_party.jfif', NULL, 'image/jpeg', 'S3', 'https://eventapp-media-bucket.s3.us-east-2.amazonaws.com/events/tenantId/tenant_demo_001/event-id/4500/night_party_1750045123438_59d4ca6c.jfif', NULL, 'image/jpeg', 8851, true, false, false, false, 'https://eventapp-media-bucket.s3.us-east-2.amazonaws.com/events/tenantId/tenant_demo_001/event-id/4500/night_party_1750045123438_59d4ca6c.jfif?X-Amz-Algorithm=AWS4-HMAC-SHA256&X-Amz-Date=20250616T033843Z&X-Amz-SignedHeaders=host&X-Amz-Expires=3600&X-Amz-Credential=AKIATIT5HARDKCWNLQMU%2F20250616%2Fus-east-2%2Fs3%2Faws4_request&X-Amz-Signature=89011e0a4126acad5b6e9c231c6813f3079fca0ad3a8bf3276fedb8b69b948', NULL, NULL, NULL, NULL, false, NULL, false, false, '2025-01-30', '2025-06-16 03:38:43.54', '2025-06-16 03:38:43.54', 1, 1, NULL, NULL, NULL, NULL, 0, false, false, false, NULL);

INSERT INTO public.event_media (id, tenant_id, title, description, event_media_type, storage_type, file_url, file_data_content_type, content_type, file_size, is_public, event_flyer, is_email_header_image, is_event_management_official_document, pre_signed_url, pre_signed_url_expires_at, alt_text, display_order, download_count, is_featured_video, featured_video_url, is_hero_image, is_active_hero_image, start_displaying_from_date, created_at, updated_at, event_id, uploaded_by_id, sponsor_id, event_sponsors_join_id, performer_id, director_id, priority_ranking, is_home_page_hero_image, is_featured_event_image, is_live_event_image, album_id) VALUES (5150, 'tenant_demo_001', 'kanj_cine_star_nite_2025.avif', NULL, 'image/avif', 'S3', 'https://eventapp-media-bucket.s3.us-east-2.amazonaws.com/events/tenantId/tenant_demo_001/event-id/1/kanj_cine_star_nite_2025_1750611778776_7cd3457e.avif', NULL, 'image/avif', 76564, true, false, false, false, 'https://eventapp-media-bucket.s3.us-east-2.amazonaws.com/events/tenantId/tenant_demo_001/event-id/1/kanj_cine_star_nite_2025_1750611778776_7cd3457e.avif?X-Amz-Algorithm=AWS4-HMAC-SHA256&X-Amz-Date=20250622T170300Z&X-Amz-SignedHeaders=host&X-Amz-Expires=3600&X-Amz-Credential=AKIATIT5HARDKCWNLQMU%2F20250622%2Fus-east-2%2Fs3%2Faws4_request&X-Amz-Signature=b57df8d480ce0e14365a1fe584665d8bc32608b186c5ce0a562a8010e014b690', NULL, NULL, NULL, NULL, NULL, NULL, false, false, '2025-01-05', '2025-06-22 17:03:00.151', '2025-06-22 17:03:00.151', 1, 4651, NULL, NULL, NULL, NULL, 0, false, false, false, NULL);

INSERT INTO public.event_media (id, tenant_id, title, description, event_media_type, storage_type, file_url, file_data_content_type, content_type, file_size, is_public, event_flyer, is_email_header_image, is_event_management_official_document, pre_signed_url, pre_signed_url_expires_at, alt_text, display_order, download_count, is_featured_video, featured_video_url, is_hero_image, is_active_hero_image, start_displaying_from_date, created_at, updated_at, event_id, uploaded_by_id, sponsor_id, event_sponsors_join_id, performer_id, director_id, priority_ranking, is_home_page_hero_image, is_featured_event_image, is_live_event_image, album_id) VALUES (5200, 'tenant_demo_001', 'spark_kerala_event_2025_1920px', 'spark_kerala_event_2025_1920px.jpeg', 'image/jpeg', 'S3', 'https://eventapp-media-bucket.s3.us-east-2.amazonaws.com/events/tenantId/tenant_demo_001/event-id/2/spark_kerala_event_2025_1756990296631_42abe2fa.jpeg', NULL, NULL, 194143, true, true, false, false, 'https://eventapp-media-bucket.s3.us-east-2.amazonaws.com/events/tenantId/tenant_demo_001/event-id/2/spark_kerala_event_2025_1756990296631_42abe2fa.jpeg?X-Amz-Algorithm=AWS4-HMAC-SHA256&X-Amz-Date=20250904T125136Z&X-Amz-SignedHeaders=host&X-Amz-Expires=3600&X-Amz-Credential=AKIATIT5HARDKCWNLQMU%2F20250904%2Fus-east-2%2Fs3%2Faws4_request&X-Amz-Signature=d99cbd7351a1a8a69e0704c007328d7f0dc931fba9f76948e97008a45a1685ce', NULL, NULL, NULL, NULL, NULL, NULL, false, false, '2025-01-08', '2025-09-04 12:51:36.975', '2025-09-04 12:51:36.975', 2, 4651, NULL, NULL, NULL, NULL, 0, false, false, false, NULL);

INSERT INTO public.event_media (id, tenant_id, title, description, event_media_type, storage_type, file_url, file_data_content_type, content_type, file_size, is_public, event_flyer, is_email_header_image, is_event_management_official_document, pre_signed_url, pre_signed_url_expires_at, alt_text, display_order, download_count, is_featured_video, featured_video_url, is_hero_image, is_active_hero_image, start_displaying_from_date, created_at, updated_at, event_id, uploaded_by_id, sponsor_id, event_sponsors_join_id, performer_id, director_id, priority_ranking, is_home_page_hero_image, is_featured_event_image, is_live_event_image, album_id) VALUES (5250, 'tenant_demo_001', 'sdsdsdsds', NULL, 'image/jpeg', 'S3', 'https://eventapp-media-bucket.s3.us-east-2.amazonaws.com/events/tenantId/tenant_demo_001/event-id/2/buy_tickets_sep_15_parsippany_1756991584906_90744672.jpeg', NULL, NULL, 784621, true, false, false, false, 'https://eventapp-media-bucket.s3.us-east-2.amazonaws.com/events/tenantId/tenant_demo_001/event-id/2/buy_tickets_sep_15_parsippany_1756991584906_90744672.jpeg?X-Amz-Algorithm=AWS4-HMAC-SHA256&X-Amz-Date=20250904T131305Z&X-Amz-SignedHeaders=host&X-Amz-Expires=3599&X-Amz-Credential=AKIATIT5HARDKCWNLQMU%2F20250904%2Fus-east-2%2Fs3%2Faws4_request&X-Amz-Signature=2d3625454d2ece527eaa30d040cb768fee4f83dc6353bb5ff73ba2fc87992aee', NULL, NULL, NULL, NULL, NULL, NULL, false, false, '2025-01-12', '2025-09-04 13:13:05.128', '2025-09-04 13:13:05.128', 2, 4651, NULL, NULL, NULL, NULL, 0, false, false, false, NULL);

INSERT INTO public.event_media (id, tenant_id, title, description, event_media_type, storage_type, file_url, file_data_content_type, content_type, file_size, is_public, event_flyer, is_email_header_image, is_event_management_official_document, pre_signed_url, pre_signed_url_expires_at, alt_text, display_order, download_count, is_featured_video, featured_video_url, is_hero_image, is_active_hero_image, start_displaying_from_date, created_at, updated_at, event_id, uploaded_by_id, sponsor_id, event_sponsors_join_id, performer_id, director_id, priority_ranking, is_home_page_hero_image, is_featured_event_image, is_live_event_image, album_id) VALUES (5300, 'tenant_demo_001', 'zxzxzxzx', NULL, 'image/jpeg', 'S3', 'https://eventapp-media-bucket.s3.us-east-2.amazonaws.com/events/tenantId/tenant_demo_001/event-id/2/email_header_image_1756991610137_e08b48f1.jpeg', NULL, NULL, 193978, true, false, false, false, 'https://eventapp-media-bucket.s3.us-east-2.amazonaws.com/events/tenantId/tenant_demo_001/event-id/2/email_header_image_1756991610137_e08b48f1.jpeg?X-Amz-Algorithm=AWS4-HMAC-SHA256&X-Amz-Date=20250904T131330Z&X-Amz-SignedHeaders=host&X-Amz-Expires=3600&X-Amz-Credential=AKIATIT5HARDKCWNLQMU%2F20250904%2Fus-east-2%2Fs3%2Faws4_request&X-Amz-Signature=8d7ac38ab728bbf45e195682f5d973881daa8275e91ab4100ca5c76614b4291e', NULL, NULL, NULL, NULL, NULL, NULL, false, false, '2025-01-14', '2025-09-04 13:13:30.272', '2025-09-04 13:13:30.272', 2, 4651, NULL, NULL, NULL, NULL, 0, false, false, false, NULL);

INSERT INTO public.event_media (id, tenant_id, title, description, event_media_type, storage_type, file_url, file_data_content_type, content_type, file_size, is_public, event_flyer, is_email_header_image, is_event_management_official_document, pre_signed_url, pre_signed_url_expires_at, alt_text, display_order, download_count, is_featured_video, featured_video_url, is_hero_image, is_active_hero_image, start_displaying_from_date, created_at, updated_at, event_id, uploaded_by_id, sponsor_id, event_sponsors_join_id, performer_id, director_id, priority_ranking, is_home_page_hero_image, is_featured_event_image, is_live_event_image, album_id) VALUES (5350, 'tenant_demo_001', 'xcxcxcxcxcx', '', 'image/jpeg', 'S3', 'https://eventapp-media-bucket.s3.us-east-2.amazonaws.com/events/tenantId/tenant_demo_001/event-id/2/spark_kerala_event_2025_1756991634380_5a3890d1.jpeg', NULL, NULL, 194143, true, false, false, false, 'https://eventapp-media-bucket.s3.us-east-2.amazonaws.com/events/tenantId/tenant_demo_001/event-id/2/spark_kerala_event_2025_1756991634380_5a3890d1.jpeg?X-Amz-Algorithm=AWS4-HMAC-SHA256&X-Amz-Date=20250904T131354Z&X-Amz-SignedHeaders=host&X-Amz-Expires=3600&X-Amz-Credential=AKIATIT5HARDKCWNLQMU%2F20250904%2Fus-east-2%2Fs3%2Faws4_request&X-Amz-Signature=f969bf5b8e8a6dae8a94982f2361649a8d23dd66cf3954c01d7c1ef1297249ba', NULL, '', NULL, NULL, false, '', false, false, '2025-01-16', '2025-09-04 13:13:54.508', '2025-09-09 16:47:27.529', 2, 4651, NULL, NULL, NULL, NULL, 0, true, false, false, NULL);

INSERT INTO public.event_media (id, tenant_id, title, description, event_media_type, storage_type, file_url, file_data_content_type, content_type, file_size, is_public, event_flyer, is_email_header_image, is_event_management_official_document, pre_signed_url, pre_signed_url_expires_at, alt_text, display_order, download_count, is_featured_video, featured_video_url, is_hero_image, is_active_hero_image, start_displaying_from_date, created_at, updated_at, event_id, uploaded_by_id, sponsor_id, event_sponsors_join_id, performer_id, director_id, priority_ranking, is_home_page_hero_image, is_featured_event_image, is_live_event_image, album_id) VALUES (5402, 'tenant_demo_001', 'khnk', NULL, 'image/png', 'S3', 'https://eventapp-media-bucket.s3.us-east-2.amazonaws.com/events/tenantId/tenant_demo_001/event-id/1/khnj_onam_2025_1920px_with_bgc_1757362420545_1f202d92.png', NULL, NULL, 610808, true, false, false, false, 'https://eventapp-media-bucket.s3.us-east-2.amazonaws.com/events/tenantId/tenant_demo_001/event-id/1/khnj_onam_2025_1920px_with_bgc_1757362420545_1f202d92.png?X-Amz-Algorithm=AWS4-HMAC-SHA256&X-Amz-Date=20250908T201341Z&X-Amz-SignedHeaders=host&X-Amz-Expires=3599&X-Amz-Credential=AKIATIT5HARDKCWNLQMU%2F20250908%2Fus-east-2%2Fs3%2Faws4_request&X-Amz-Signature=26e42a666e09bc9746d8d70b17835b513d1030ab54d5c27afcf3be9261bc3025', NULL, NULL, NULL, NULL, false, '', false, false, '2025-09-08', '2025-09-08 20:13:41.173', '2025-09-09 18:30:53.715', 1, 4651, NULL, NULL, NULL, NULL, 0, true, false, false, NULL);

INSERT INTO public.event_media (id, tenant_id, title, description, event_media_type, storage_type, file_url, file_data_content_type, content_type, file_size, is_public, event_flyer, is_email_header_image, is_event_management_official_document, pre_signed_url, pre_signed_url_expires_at, alt_text, display_order, download_count, is_featured_video, featured_video_url, is_hero_image, is_active_hero_image, start_displaying_from_date, created_at, updated_at, event_id, uploaded_by_id, sponsor_id, event_sponsors_join_id, performer_id, director_id, priority_ranking, is_home_page_hero_image, is_featured_event_image, is_live_event_image, album_id) VALUES (5451, 'tenant_demo_001', 'khnj live and feature', '', 'image/jpeg', 'S3', 'https://eventapp-media-bucket.s3.us-east-2.amazonaws.com/events/tenantId/tenant_demo_001/event-id/1/khnj_onam_2025_1920px_1757429409289_4693cd88.jpg', NULL, NULL, 246487, true, true, false, false, 'https://eventapp-media-bucket.s3.us-east-2.amazonaws.com/events/tenantId/tenant_demo_001/event-id/1/khnj_onam_2025_1920px_1757429409289_4693cd88.jpg?X-Amz-Algorithm=AWS4-HMAC-SHA256&X-Amz-Date=20250909T145010Z&X-Amz-SignedHeaders=host&X-Amz-Expires=3599&X-Amz-Credential=AKIATIT5HARDKCWNLQMU%2F20250909%2Fus-east-2%2Fs3%2Faws4_request&X-Amz-Signature=4ee19c1217837ca7002149666f76c23868cad2d68902614eb2e24d647a693437', NULL, '', NULL, NULL, false, '', true, false, '2025-09-09', '2025-09-09 14:50:10.906', '2025-09-09 20:06:20.229', 1, 4651, NULL, NULL, NULL, NULL, 0, true, true, true, NULL);

INSERT INTO public.event_media (id, tenant_id, title, description, event_media_type, storage_type, file_url, file_data_content_type, content_type, file_size, is_public, event_flyer, is_email_header_image, is_event_management_official_document, pre_signed_url, pre_signed_url_expires_at, alt_text, display_order, download_count, is_featured_video, featured_video_url, is_hero_image, is_active_hero_image, start_displaying_from_date, created_at, updated_at, event_id, uploaded_by_id, sponsor_id, event_sponsors_join_id, performer_id, director_id, priority_ranking, is_home_page_hero_image, is_featured_event_image, is_live_event_image, album_id) VALUES (4152, 'tenant_demo_002', 'hero_image_knanaya_ikcc_ny_800_X_1200_resized from_1920_width', 'hero_image_knanaya_ikcc_ny_800_X_1200_resized from_1920_width', 'image/jpeg', 'S3', 'https://eventapp-media-bucket.s3.us-east-2.amazonaws.com/events/tenantId/tenant_demo_002/event-id/3/hero_image_knanaya_ikcc_ny_800_X_1200_resized_from_1920_width_1762145367871_5cb9100b.jpeg', NULL, NULL, 174308, true, false, false, false, 'https://eventapp-media-bucket.s3.us-east-2.amazonaws.com/events/tenantId/tenant_demo_002/event-id/3/hero_image_knanaya_ikcc_ny_800_X_1200_resized_from_1920_width_1762145367871_5cb9100b.jpeg?X-Amz-Algorithm=AWS4-HMAC-SHA256&X-Amz-Date=20251103T044928Z&X-Amz-SignedHeaders=host&X-Amz-Expires=3599&X-Amz-Credential=AKIATIT5HARDH77LVIYW%2F20251103%2Fus-east-2%2Fs3%2Faws4_request&X-Amz-Signature=2d337166dcc6f1d46f90d3b70465054e76a31f1a5d0ea3058fdff05143e81df2', NULL, NULL, NULL, NULL, NULL, NULL, false, false, '2025-11-02', '2025-11-03 04:49:28.329625', '2025-11-03 04:49:28.329625', 3, 4651, NULL, NULL, NULL, NULL, 0, true, false, false, NULL);

INSERT INTO public.event_media (id, tenant_id, title, description, event_media_type, storage_type, file_url, file_data_content_type, content_type, file_size, is_public, event_flyer, is_email_header_image, is_event_management_official_document, pre_signed_url, pre_signed_url_expires_at, alt_text, display_order, download_count, is_featured_video, featured_video_url, is_hero_image, is_active_hero_image, start_displaying_from_date, created_at, updated_at, event_id, uploaded_by_id, sponsor_id, event_sponsors_join_id, performer_id, director_id, priority_ranking, is_home_page_hero_image, is_featured_event_image, is_live_event_image, album_id) VALUES (4600, 'tenant_demo_002', 'night_party.jfif', '115942', 'image/jpeg', 'S3', 'https://eventapp-media-bucket.s3.us-east-2.amazonaws.com/events/tenantId/tenant_demo_001/event-id/1/night_party_1750026381113_69263496.jfif', NULL, 'image/jpeg', 8851, true, false, false, false, 'https://eventapp-media-bucket.s3.us-east-2.amazonaws.com/events/tenantId/tenant_demo_001/event-id/1/night_party_1750026381113_69263496.jfif?X-Amz-Algorithm=AWS4-HMAC-SHA256&X-Amz-Date=20250615T222621Z&X-Amz-SignedHeaders=host&X-Amz-Expires=3599&X-Amz-Credential=AKIATIT5HARDKCWNLQMU%2F20250615%2Fus-east-2%2Fs3%2Faws4_request&X-Amz-Signature=976a14bab785e95765850160c250285fa2408035afc3b3eb7354e497769c5ffa', NULL, NULL, NULL, NULL, false, NULL, false, false, '2025-01-10', '2025-06-15 22:26:21.256', '2025-06-15 22:26:21.256', 3, 1, NULL, NULL, NULL, NULL, 0, false, false, false, NULL);

INSERT INTO public.event_media (id, tenant_id, title, description, event_media_type, storage_type, file_url, file_data_content_type, content_type, file_size, is_public, event_flyer, is_email_header_image, is_event_management_official_document, pre_signed_url, pre_signed_url_expires_at, alt_text, display_order, download_count, is_featured_video, featured_video_url, is_hero_image, is_active_hero_image, start_displaying_from_date, created_at, updated_at, event_id, uploaded_by_id, sponsor_id, event_sponsors_join_id, performer_id, director_id, priority_ranking, is_home_page_hero_image, is_featured_event_image, is_live_event_image, album_id) VALUES (4153, 'tenant_demo_002', 'bbccbcb', 'cbcbcbccbcbc', 'image/jpeg', 'S3', 'https://eventapp-media-bucket.s3.us-east-2.amazonaws.com/events/tenantId/tenant_demo_002/event-id/3/event_2_buy_tickets_sep_15_parsippany_1762187468850_f18ef751.jpeg', NULL, NULL, 784621, true, false, false, false, 'https://eventapp-media-bucket.s3.us-east-2.amazonaws.com/events/tenantId/tenant_demo_002/event-id/3/event_2_buy_tickets_sep_15_parsippany_1762187468850_f18ef751.jpeg?X-Amz-Algorithm=AWS4-HMAC-SHA256&X-Amz-Date=20251103T163110Z&X-Amz-SignedHeaders=host&X-Amz-Expires=3600&X-Amz-Credential=AKIATIT5HARDH77LVIYW%2F20251103%2Fus-east-2%2Fs3%2Faws4_request&X-Amz-Signature=b6cc3ae7f6a05ecda590bbf9acc131b89ea908ffe5172bed6a748fee67842ffb', NULL, NULL, NULL, NULL, NULL, NULL, false, false, '2025-11-03', '2025-11-03 16:31:10.45941', '2025-11-03 16:31:10.45941', 3, 4651, NULL, NULL, NULL, NULL, 0, false, false, false, NULL);

INSERT INTO public.event_media (id, tenant_id, title, description, event_media_type, storage_type, file_url, file_data_content_type, content_type, file_size, is_public, event_flyer, is_email_header_image, is_event_management_official_document, pre_signed_url, pre_signed_url_expires_at, alt_text, display_order, download_count, is_featured_video, featured_video_url, is_hero_image, is_active_hero_image, start_displaying_from_date, created_at, updated_at, event_id, uploaded_by_id, sponsor_id, event_sponsors_join_id, performer_id, director_id, priority_ranking, is_home_page_hero_image, is_featured_event_image, is_live_event_image, album_id) VALUES (4154, 'tenant_demo_002', 'bbccbcb', 'cbcbcbccbcbc', 'image/png', 'S3', 'https://eventapp-media-bucket.s3.us-east-2.amazonaws.com/events/tenantId/tenant_demo_002/event-id/3/event_2_buy_tickets_sep_15_parsippany_1762187470461_ca1d6673.png', NULL, NULL, 1135191, true, false, false, false, 'https://eventapp-media-bucket.s3.us-east-2.amazonaws.com/events/tenantId/tenant_demo_002/event-id/3/event_2_buy_tickets_sep_15_parsippany_1762187470461_ca1d6673.png?X-Amz-Algorithm=AWS4-HMAC-SHA256&X-Amz-Date=20251103T163111Z&X-Amz-SignedHeaders=host&X-Amz-Expires=3600&X-Amz-Credential=AKIATIT5HARDH77LVIYW%2F20251103%2Fus-east-2%2Fs3%2Faws4_request&X-Amz-Signature=3cc7c7cc947a407b5cac50bbf5726c92ef5deab001e7f2cd53ede77f0c1ec562', NULL, NULL, NULL, NULL, NULL, NULL, false, false, '2025-11-03', '2025-11-03 16:31:11.440038', '2025-11-03 16:31:11.440038', 3, 4651, NULL, NULL, NULL, NULL, 0, false, false, false, NULL);

INSERT INTO public.event_media (id, tenant_id, title, description, event_media_type, storage_type, file_url, file_data_content_type, content_type, file_size, is_public, event_flyer, is_email_header_image, is_event_management_official_document, pre_signed_url, pre_signed_url_expires_at, alt_text, display_order, download_count, is_featured_video, featured_video_url, is_hero_image, is_active_hero_image, start_displaying_from_date, created_at, updated_at, event_id, uploaded_by_id, sponsor_id, event_sponsors_join_id, performer_id, director_id, priority_ranking, is_home_page_hero_image, is_featured_event_image, is_live_event_image, album_id) VALUES (4155, 'tenant_demo_002', 'bbccbcb', 'cbcbcbccbcbc', 'image/jpeg', 'S3', 'https://eventapp-media-bucket.s3.us-east-2.amazonaws.com/events/tenantId/tenant_demo_002/event-id/3/event_2_email_header_image_1762187471440_c7c67a5f.jpeg', NULL, NULL, 193978, true, false, false, false, 'https://eventapp-media-bucket.s3.us-east-2.amazonaws.com/events/tenantId/tenant_demo_002/event-id/3/event_2_email_header_image_1762187471440_c7c67a5f.jpeg?X-Amz-Algorithm=AWS4-HMAC-SHA256&X-Amz-Date=20251103T163111Z&X-Amz-SignedHeaders=host&X-Amz-Expires=3600&X-Amz-Credential=AKIATIT5HARDH77LVIYW%2F20251103%2Fus-east-2%2Fs3%2Faws4_request&X-Amz-Signature=4b98caecc9007ac255096e6a3834212ad065f9ab2c9b77d3252effc145abb961', NULL, NULL, NULL, NULL, NULL, NULL, false, false, '2025-11-03', '2025-11-03 16:31:11.662141', '2025-11-03 16:31:11.662141', 3, 4651, NULL, NULL, NULL, NULL, 0, false, false, false, NULL);

INSERT INTO public.event_media (id, tenant_id, title, description, event_media_type, storage_type, file_url, file_data_content_type, content_type, file_size, is_public, event_flyer, is_email_header_image, is_event_management_official_document, pre_signed_url, pre_signed_url_expires_at, alt_text, display_order, download_count, is_featured_video, featured_video_url, is_hero_image, is_active_hero_image, start_displaying_from_date, created_at, updated_at, event_id, uploaded_by_id, sponsor_id, event_sponsors_join_id, performer_id, director_id, priority_ranking, is_home_page_hero_image, is_featured_event_image, is_live_event_image, album_id) VALUES (4156, 'tenant_demo_002', 'bbccbcb', 'cbcbcbccbcbc', 'image/jpeg', 'S3', 'https://eventapp-media-bucket.s3.us-east-2.amazonaws.com/events/tenantId/tenant_demo_002/event-id/3/event_2_spark_kerala_event_2025_1762187471663_dc83cce4.jpeg', NULL, NULL, 194143, true, false, false, false, 'https://eventapp-media-bucket.s3.us-east-2.amazonaws.com/events/tenantId/tenant_demo_002/event-id/3/event_2_spark_kerala_event_2025_1762187471663_dc83cce4.jpeg?X-Amz-Algorithm=AWS4-HMAC-SHA256&X-Amz-Date=20251103T163111Z&X-Amz-SignedHeaders=host&X-Amz-Expires=3600&X-Amz-Credential=AKIATIT5HARDH77LVIYW%2F20251103%2Fus-east-2%2Fs3%2Faws4_request&X-Amz-Signature=327d4ab193f3cdea498a77bd09532d612608568136e7bf7e4f953a2a4f3ed3fc', NULL, NULL, NULL, NULL, NULL, NULL, false, false, '2025-11-03', '2025-11-03 16:31:11.899855', '2025-11-03 16:31:11.899855', 3, 4651, NULL, NULL, NULL, NULL, 0, false, false, false, NULL);

INSERT INTO public.event_media (id, tenant_id, title, description, event_media_type, storage_type, file_url, file_data_content_type, content_type, file_size, is_public, event_flyer, is_email_header_image, is_event_management_official_document, pre_signed_url, pre_signed_url_expires_at, alt_text, display_order, download_count, is_featured_video, featured_video_url, is_hero_image, is_active_hero_image, start_displaying_from_date, created_at, updated_at, event_id, uploaded_by_id, sponsor_id, event_sponsors_join_id, performer_id, director_id, priority_ranking, is_home_page_hero_image, is_featured_event_image, is_live_event_image, album_id) VALUES (4157, 'tenant_demo_002', 'bbccbcb', 'cbcbcbccbcbc', 'image/jpeg', 'S3', 'https://eventapp-media-bucket.s3.us-east-2.amazonaws.com/events/tenantId/tenant_demo_002/event-id/3/event_2_spark_kerala_event_2025_1920px_1762187471901_1b506422.jpeg', NULL, NULL, 193978, true, false, false, false, 'https://eventapp-media-bucket.s3.us-east-2.amazonaws.com/events/tenantId/tenant_demo_002/event-id/3/event_2_spark_kerala_event_2025_1920px_1762187471901_1b506422.jpeg?X-Amz-Algorithm=AWS4-HMAC-SHA256&X-Amz-Date=20251103T163112Z&X-Amz-SignedHeaders=host&X-Amz-Expires=3599&X-Amz-Credential=AKIATIT5HARDH77LVIYW%2F20251103%2Fus-east-2%2Fs3%2Faws4_request&X-Amz-Signature=eb4d221e1d74ac2964b40d664a46b10dfb68c84bbb6a9b27882ca24d19fb25c5', NULL, NULL, NULL, NULL, NULL, NULL, false, false, '2025-11-03', '2025-11-03 16:31:12.127201', '2025-11-03 16:31:12.127201', 3, 4651, NULL, NULL, NULL, NULL, 0, false, false, false, NULL);

INSERT INTO public.event_media (id, tenant_id, title, description, event_media_type, storage_type, file_url, file_data_content_type, content_type, file_size, is_public, event_flyer, is_email_header_image, is_event_management_official_document, pre_signed_url, pre_signed_url_expires_at, alt_text, display_order, download_count, is_featured_video, featured_video_url, is_hero_image, is_active_hero_image, start_displaying_from_date, created_at, updated_at, event_id, uploaded_by_id, sponsor_id, event_sponsors_join_id, performer_id, director_id, priority_ranking, is_home_page_hero_image, is_featured_event_image, is_live_event_image, album_id) VALUES (6952, 'tenant_demo_002', 'xcxcx', 'cxcxcxcxcxc', 'image/webp', 'S3', 'https://eventapp-media-bucket.s3.us-east-2.amazonaws.com/dev/events/tenantId/tenant_demo_002/event-id/6356/event_media_1763619290070_8bef917a.webp', NULL, NULL, 169988, true, false, false, false, 'https://eventapp-media-bucket.s3.us-east-2.amazonaws.com/dev/events/tenantId/tenant_demo_002/event-id/6356/event_media_1763619290070_8bef917a.webp?X-Amz-Algorithm=AWS4-HMAC-SHA256&X-Amz-Date=20251120T061451Z&X-Amz-SignedHeaders=host&X-Amz-Expires=3599&X-Amz-Credential=AKIATIT5HARDH77LVIYW%2F20251120%2Fus-east-2%2Fs3%2Faws4_request&X-Amz-Signature=0fb6f5d87f06a599cae5affdb1d15a4d5fda6c04f6019dd6a2f844378ae267cb', NULL, NULL, NULL, NULL, NULL, NULL, false, false, '2025-11-20', '2025-11-20 06:14:51.317342', '2025-11-20 06:14:51.317342', 6852, 4651, NULL, NULL, NULL, NULL, 0, true, false, false, NULL);

INSERT INTO public.event_media (id, tenant_id, title, description, event_media_type, storage_type, file_url, file_data_content_type, content_type, file_size, is_public, event_flyer, is_email_header_image, is_event_management_official_document, pre_signed_url, pre_signed_url_expires_at, alt_text, display_order, download_count, is_featured_video, featured_video_url, is_hero_image, is_active_hero_image, start_displaying_from_date, created_at, updated_at, event_id, uploaded_by_id, sponsor_id, event_sponsors_join_id, performer_id, director_id, priority_ranking, is_home_page_hero_image, is_featured_event_image, is_live_event_image, album_id) VALUES (6953, 'tenant_demo_002', 'cccvcvcvccv', 'cvccc', 'image/webp', 'S3', 'https://eventapp-media-bucket.s3.us-east-2.amazonaws.com/dev/events/tenantId/tenant_demo_002/event-id/6851/event_media_1763620116275_5b76076b.png', NULL, NULL, 5241, true, false, false, false, 'https://eventapp-media-bucket.s3.us-east-2.amazonaws.com/dev/events/tenantId/tenant_demo_002/event-id/6851/event_media_1763620116275_5b76076b.png?X-Amz-Algorithm=AWS4-HMAC-SHA256&X-Amz-Date=20251120T062837Z&X-Amz-SignedHeaders=host&X-Amz-Expires=3599&X-Amz-Credential=AKIATIT5HARDH77LVIYW%2F20251120%2Fus-east-2%2Fs3%2Faws4_request&X-Amz-Signature=f253b0e813a1e50795d93def2003082d2c8433357f4dd32f292f7224e3977d0d', NULL, NULL, NULL, NULL, NULL, NULL, false, false, '2025-11-20', '2025-11-20 06:14:51.331838', '2025-11-20 06:28:37.197957', 6851, 4651, NULL, NULL, NULL, NULL, 0, true, false, false, NULL);

INSERT INTO public.event_media (id, tenant_id, title, description, event_media_type, storage_type, file_url, file_data_content_type, content_type, file_size, is_public, event_flyer, is_email_header_image, is_event_management_official_document, pre_signed_url, pre_signed_url_expires_at, alt_text, display_order, download_count, is_featured_video, featured_video_url, is_hero_image, is_active_hero_image, start_displaying_from_date, created_at, updated_at, event_id, uploaded_by_id, sponsor_id, event_sponsors_join_id, performer_id, director_id, priority_ranking, is_home_page_hero_image, is_featured_event_image, is_live_event_image, album_id) VALUES (6954, 'tenant_demo_002', 'cvcv', 'ccvcvc', 'image/png', 'S3', 'https://eventapp-media-bucket.s3.us-east-2.amazonaws.com/dev/events/tenantId/tenant_demo_002/event-id/6851/event_media_1763620352406_f221c21e.webp', NULL, NULL, 169988, true, false, false, false, 'https://eventapp-media-bucket.s3.us-east-2.amazonaws.com/dev/events/tenantId/tenant_demo_002/event-id/6851/event_media_1763620352406_f221c21e.webp?X-Amz-Algorithm=AWS4-HMAC-SHA256&X-Amz-Date=20251120T063232Z&X-Amz-SignedHeaders=host&X-Amz-Expires=3599&X-Amz-Credential=AKIATIT5HARDH77LVIYW%2F20251120%2Fus-east-2%2Fs3%2Faws4_request&X-Amz-Signature=593c52a28fd997cf1ff6ef28b694f9d337d213549d19e1eae0b6fba4d1a950bc', NULL, '', NULL, NULL, false, '', false, false, '2025-11-20', '2025-11-20 06:18:19.632142', '2025-11-20 06:37:16.31', 6851, 4651, NULL, NULL, NULL, NULL, 0, false, false, false, NULL);

INSERT INTO public.event_media (id, tenant_id, title, description, event_media_type, storage_type, file_url, file_data_content_type, content_type, file_size, is_public, event_flyer, is_email_header_image, is_event_management_official_document, pre_signed_url, pre_signed_url_expires_at, alt_text, display_order, download_count, is_featured_video, featured_video_url, is_hero_image, is_active_hero_image, start_displaying_from_date, created_at, updated_at, event_id, uploaded_by_id, sponsor_id, event_sponsors_join_id, performer_id, director_id, priority_ranking, is_home_page_hero_image, is_featured_event_image, is_live_event_image, album_id) VALUES (4251, 'tenant_demo_002', 'event 3', NULL, 'image/png', 'S3', 'https://eventapp-media-bucket.s3.us-east-2.amazonaws.com/dev/events/tenantId/tenant_demo_002/event-id/4201/event_media_1768394382972_bd95e834.png', NULL, NULL, 2121735, true, false, NULL, false, 'https://eventapp-media-bucket.s3.us-east-2.amazonaws.com/dev/events/tenantId/tenant_demo_002/event-id/4201/event_media_1768394382972_bd95e834.png?X-Amz-Algorithm=AWS4-HMAC-SHA256&X-Amz-Date=20260114T123944Z&X-Amz-SignedHeaders=host&X-Amz-Expires=3600&X-Amz-Credential=AKIATIT5HARDH77LVIYW%2F20260114%2Fus-east-2%2Fs3%2Faws4_request&X-Amz-Signature=53565655fb07fb7c148802aad2206381778cc980753bde529ea49ad5641ad87b', NULL, NULL, NULL, NULL, NULL, NULL, false, false, '2026-01-14', '2026-01-14 12:39:44.493215', '2026-01-14 12:39:44.493246', 4201, 5152, NULL, NULL, NULL, NULL, 0, false, false, false, NULL);

INSERT INTO public.event_media (id, tenant_id, title, description, event_media_type, storage_type, file_url, file_data_content_type, content_type, file_size, is_public, event_flyer, is_email_header_image, is_event_management_official_document, pre_signed_url, pre_signed_url_expires_at, alt_text, display_order, download_count, is_featured_video, featured_video_url, is_hero_image, is_active_hero_image, start_displaying_from_date, created_at, updated_at, event_id, uploaded_by_id, sponsor_id, event_sponsors_join_id, performer_id, director_id, priority_ranking, is_home_page_hero_image, is_featured_event_image, is_live_event_image, album_id) VALUES (4252, 'tenant_demo_002', 'vcvxcv', NULL, 'image/png', 'S3', 'https://eventapp-media-bucket.s3.us-east-2.amazonaws.com/dev/events/tenantId/tenant_demo_002/event-id/4201/event_media_1768394515248_ec235bf8.png', NULL, NULL, 2121735, true, false, NULL, false, 'https://eventapp-media-bucket.s3.us-east-2.amazonaws.com/dev/events/tenantId/tenant_demo_002/event-id/4201/event_media_1768394515248_ec235bf8.png?X-Amz-Algorithm=AWS4-HMAC-SHA256&X-Amz-Date=20260114T124155Z&X-Amz-SignedHeaders=host&X-Amz-Expires=3600&X-Amz-Credential=AKIATIT5HARDH77LVIYW%2F20260114%2Fus-east-2%2Fs3%2Faws4_request&X-Amz-Signature=875b6da02f12524d3f704aa7fa023b25ee5587c376cf655cf63cded77ad3cebf', NULL, NULL, NULL, NULL, NULL, NULL, true, true, '2026-01-14', '2026-01-14 12:41:55.608961', '2026-01-14 12:41:55.608964', 4201, 5152, NULL, NULL, NULL, NULL, 0, false, false, false, NULL);

INSERT INTO public.event_organizer (id, tenant_id, title, designation, contact_email, contact_phone, is_primary, display_order, bio, profile_image_url, created_at, updated_at, event_id, organizer_id) VALUES (1, 'tenant_demo_001', 'Lead Organizer', 'Manager', 'lead1@example.com', '555-3001', true, 1, 'Lead for Spring Gala', 'https://example.com/lead1.jpg', '2025-06-22 11:31:26.928238', '2025-06-22 11:31:26.928238', 1, 1);

INSERT INTO public.event_organizer (id, tenant_id, title, designation, contact_email, contact_phone, is_primary, display_order, bio, profile_image_url, created_at, updated_at, event_id, organizer_id) VALUES (2, 'tenant_demo_001', 'Co-Organizer', 'Assistant', 'co2@example.com', '555-3002', false, 2, 'Co-lead for Tech Conference', 'https://example.com/co2.jpg', '2025-06-22 11:31:26.928238', '2025-06-22 11:31:26.928238', 2, 2);

INSERT INTO public.event_organizer (id, tenant_id, title, designation, contact_email, contact_phone, is_primary, display_order, bio, profile_image_url, created_at, updated_at, event_id, organizer_id) VALUES (3, 'tenant_demo_001', 'Volunteer Lead', 'Volunteer', 'vol3@example.com', '555-3003', false, 3, 'Volunteer for Charity Run', 'https://example.com/vol3.jpg', '2025-06-22 11:31:26.928238', '2025-06-22 11:31:26.928238', 3, 3);

INSERT INTO public.event_organizer (id, tenant_id, title, designation, contact_email, contact_phone, is_primary, display_order, bio, profile_image_url, created_at, updated_at, event_id, organizer_id) VALUES (4, 'tenant_demo_001', 'Family Host', 'Host', 'host4@example.com', '555-3004', true, 4, 'Host for Family Picnic', 'https://example.com/host4.jpg', '2025-06-22 11:31:26.928238', '2025-06-22 11:31:26.928238', 4, 4);

INSERT INTO public.event_organizer (id, tenant_id, title, designation, contact_email, contact_phone, is_primary, display_order, bio, profile_image_url, created_at, updated_at, event_id, organizer_id) VALUES (5, 'tenant_demo_001', 'VIP Host', 'Manager', 'vip5@example.com', '555-3005', true, 5, 'Host for VIP Dinner', 'https://example.com/vip5.jpg', '2025-06-22 11:31:26.928238', '2025-06-22 11:31:26.928238', 5, 5);

INSERT INTO public.event_organizer (id, tenant_id, title, designation, contact_email, contact_phone, is_primary, display_order, bio, profile_image_url, created_at, updated_at, event_id, organizer_id) VALUES (6, 'tenant_demo_001', 'Summer Fest Lead', 'Manager', 'summer6@example.com', '555-3006', true, 6, 'Lead for Summer Fest', 'https://example.com/summer6.jpg', '2025-06-22 11:31:26.928238', '2025-06-22 11:31:26.928238', 6, 6);

INSERT INTO public.event_poll (id, tenant_id, title, description, is_active, is_anonymous, allow_multiple_choices, start_date, end_date, max_responses_per_user, results_visible_to, created_at, updated_at, event_id, created_by_id) VALUES (1, 'tenant_demo_001', 'Spring Gala Feedback', 'Feedback poll for Spring Gala', true, false, false, '2025-06-22 11:31:26.972218', '2025-06-23 11:31:26.972218', 1, 'ALL', '2025-06-22 11:31:26.972218', '2025-06-22 11:31:26.972218', 1, 1);

INSERT INTO public.event_poll (id, tenant_id, title, description, is_active, is_anonymous, allow_multiple_choices, start_date, end_date, max_responses_per_user, results_visible_to, created_at, updated_at, event_id, created_by_id) VALUES (2, 'tenant_demo_001', 'Tech Conference Topics', 'Vote for topics', true, false, true, '2025-06-22 11:31:26.972218', '2025-06-24 11:31:26.972218', 2, 'ALL', '2025-06-22 11:31:26.972218', '2025-06-22 11:31:26.972218', 2, 2);

INSERT INTO public.event_poll (id, tenant_id, title, description, is_active, is_anonymous, allow_multiple_choices, start_date, end_date, max_responses_per_user, results_visible_to, created_at, updated_at, event_id, created_by_id) VALUES (3, 'tenant_demo_001', 'Charity Run Survey', 'Survey for runners', true, true, false, '2025-06-22 11:31:26.972218', '2025-06-23 11:31:26.972218', 1, 'ALL', '2025-06-22 11:31:26.972218', '2025-06-22 11:31:26.972218', 3, 3);

INSERT INTO public.event_poll (id, tenant_id, title, description, is_active, is_anonymous, allow_multiple_choices, start_date, end_date, max_responses_per_user, results_visible_to, created_at, updated_at, event_id, created_by_id) VALUES (4, 'tenant_demo_001', 'Family Picnic Games', 'Vote for games', true, false, true, '2025-06-22 11:31:26.972218', '2025-06-23 11:31:26.972218', 3, 'ALL', '2025-06-22 11:31:26.972218', '2025-06-22 11:31:26.972218', 4, 4);

INSERT INTO public.event_poll (id, tenant_id, title, description, is_active, is_anonymous, allow_multiple_choices, start_date, end_date, max_responses_per_user, results_visible_to, created_at, updated_at, event_id, created_by_id) VALUES (5, 'tenant_demo_001', 'VIP Dinner Menu', 'Choose menu items', true, false, false, '2025-06-22 11:31:26.972218', '2025-06-23 11:31:26.972218', 1, 'ALL', '2025-06-22 11:31:26.972218', '2025-06-22 11:31:26.972218', 5, 5);

INSERT INTO public.event_poll (id, tenant_id, title, description, is_active, is_anonymous, allow_multiple_choices, start_date, end_date, max_responses_per_user, results_visible_to, created_at, updated_at, event_id, created_by_id) VALUES (6, 'tenant_demo_001', 'Summer Fest Events', 'Vote for events', true, false, true, '2025-06-22 11:31:26.972218', '2025-06-23 11:31:26.972218', 2, 'ALL', '2025-06-22 11:31:26.972218', '2025-06-22 11:31:26.972218', 6, 6);

INSERT INTO public.event_poll (id, tenant_id, title, description, is_active, is_anonymous, allow_multiple_choices, start_date, end_date, max_responses_per_user, results_visible_to, created_at, updated_at, event_id, created_by_id) VALUES (4301, 'tenant_demo_002', 'Test 1', '', true, false, false, '2026-01-14 13:23:00', '2026-01-15 18:23:00', 1, 'ALL', '2026-01-14 13:23:46.396', '2026-01-14 13:23:46.396', NULL, NULL);

INSERT INTO public.event_poll_option (id, tenant_id, option_text, display_order, is_active, created_at, updated_at, poll_id) VALUES (1, 'tenant_demo_001', 'Excellent', 1, true, '2025-06-22 11:31:27.027301', '2025-06-22 11:31:27.027301', 1);

INSERT INTO public.event_poll_option (id, tenant_id, option_text, display_order, is_active, created_at, updated_at, poll_id) VALUES (2, 'tenant_demo_001', 'Good', 2, true, '2025-06-22 11:31:27.027301', '2025-06-22 11:31:27.027301', 1);

INSERT INTO public.event_poll_option (id, tenant_id, option_text, display_order, is_active, created_at, updated_at, poll_id) VALUES (3, 'tenant_demo_001', 'Average', 3, true, '2025-06-22 11:31:27.027301', '2025-06-22 11:31:27.027301', 1);

INSERT INTO public.event_poll_option (id, tenant_id, option_text, display_order, is_active, created_at, updated_at, poll_id) VALUES (4, 'tenant_demo_001', 'Topic A', 1, true, '2025-06-22 11:31:27.027301', '2025-06-22 11:31:27.027301', 2);

INSERT INTO public.event_poll_option (id, tenant_id, option_text, display_order, is_active, created_at, updated_at, poll_id) VALUES (5, 'tenant_demo_001', 'Topic B', 2, true, '2025-06-22 11:31:27.027301', '2025-06-22 11:31:27.027301', 2);

INSERT INTO public.event_poll_option (id, tenant_id, option_text, display_order, is_active, created_at, updated_at, poll_id) VALUES (6, 'tenant_demo_001', 'Fun', 1, true, '2025-06-22 11:31:27.027301', '2025-06-22 11:31:27.027301', 4);

INSERT INTO public.event_poll_option (id, tenant_id, option_text, display_order, is_active, created_at, updated_at, poll_id) VALUES (4351, 'tenant_demo_002', 'fkhdjsf', 0, true, '2026-01-14 13:23:53.446', '2026-01-14 13:23:53.446', NULL);

INSERT INTO public.event_poll_option (id, tenant_id, option_text, display_order, is_active, created_at, updated_at, poll_id) VALUES (4352, 'tenant_demo_002', 'sdfsdf', 0, true, '2026-01-14 13:23:53.447', '2026-01-14 13:23:53.447', NULL);

INSERT INTO public.event_poll_response (id, tenant_id, comment, response_value, is_anonymous, created_at, updated_at, poll_id, poll_option_id, user_id) VALUES (1, 'tenant_demo_001', 'Great event!', 'Excellent', false, '2025-06-22 11:31:27.074568', '2025-06-22 11:31:27.074568', 1, 1, 1);

INSERT INTO public.event_poll_response (id, tenant_id, comment, response_value, is_anonymous, created_at, updated_at, poll_id, poll_option_id, user_id) VALUES (2, 'tenant_demo_001', 'Loved it', 'Good', false, '2025-06-22 11:31:27.074568', '2025-06-22 11:31:27.074568', 1, 2, 2);

INSERT INTO public.event_poll_response (id, tenant_id, comment, response_value, is_anonymous, created_at, updated_at, poll_id, poll_option_id, user_id) VALUES (3, 'tenant_demo_001', 'Could be better', 'Average', true, '2025-06-22 11:31:27.074568', '2025-06-22 11:31:27.074568', 1, 3, 3);

INSERT INTO public.event_poll_response (id, tenant_id, comment, response_value, is_anonymous, created_at, updated_at, poll_id, poll_option_id, user_id) VALUES (4, 'tenant_demo_001', 'Vote for Topic A', NULL, false, '2025-06-22 11:31:27.074568', '2025-06-22 11:31:27.074568', 2, 4, 4);

INSERT INTO public.event_poll_response (id, tenant_id, comment, response_value, is_anonymous, created_at, updated_at, poll_id, poll_option_id, user_id) VALUES (5, 'tenant_demo_001', 'Vote for Topic B', NULL, false, '2025-06-22 11:31:27.074568', '2025-06-22 11:31:27.074568', 2, 5, 5);

INSERT INTO public.event_poll_response (id, tenant_id, comment, response_value, is_anonymous, created_at, updated_at, poll_id, poll_option_id, user_id) VALUES (6, 'tenant_demo_001', 'Fun games', 'Fun', false, '2025-06-22 11:31:27.074568', '2025-06-22 11:31:27.074568', 4, 6, 6);

INSERT INTO public.event_score_card (id, event_id, team_a_name, team_b_name, team_a_score, team_b_score, remarks, created_at, updated_at) VALUES (1, 1, 'Team Red', 'Team Blue', 10, 8, 'Close match', '2025-06-22 11:31:27.19135', '2025-06-22 11:31:27.19135');

INSERT INTO public.event_score_card (id, event_id, team_a_name, team_b_name, team_a_score, team_b_score, remarks, created_at, updated_at) VALUES (2, 2, 'Team Alpha', 'Team Beta', 15, 12, 'Exciting', '2025-06-22 11:31:27.19135', '2025-06-22 11:31:27.19135');

INSERT INTO public.event_score_card (id, event_id, team_a_name, team_b_name, team_a_score, team_b_score, remarks, created_at, updated_at) VALUES (3, 3, 'Team One', 'Team Two', 7, 9, 'Well played', '2025-06-22 11:31:27.19135', '2025-06-22 11:31:27.19135');

INSERT INTO public.event_score_card (id, event_id, team_a_name, team_b_name, team_a_score, team_b_score, remarks, created_at, updated_at) VALUES (4, 4, 'Team A', 'Team B', 5, 5, 'Draw', '2025-06-22 11:31:27.19135', '2025-06-22 11:31:27.19135');

INSERT INTO public.event_score_card (id, event_id, team_a_name, team_b_name, team_a_score, team_b_score, remarks, created_at, updated_at) VALUES (5, 5, 'Team X', 'Team Y', 20, 18, 'High scoring', '2025-06-22 11:31:27.19135', '2025-06-22 11:31:27.19135');

INSERT INTO public.event_score_card (id, event_id, team_a_name, team_b_name, team_a_score, team_b_score, remarks, created_at, updated_at) VALUES (6, 6, 'Team Sun', 'Team Moon', 13, 14, 'Nail-biter', '2025-06-22 11:31:27.19135', '2025-06-22 11:31:27.19135');

INSERT INTO public.event_score_card_detail (id, score_card_id, team_name, player_name, points, remarks, created_at, updated_at) VALUES (1, 1, 'Team Red', 'Alice', 5, 'Great play', '2025-06-22 11:31:27.245277', '2025-06-22 11:31:27.245277');

INSERT INTO public.event_score_card_detail (id, score_card_id, team_name, player_name, points, remarks, created_at, updated_at) VALUES (2, 1, 'Team Blue', 'Bob', 4, 'Strong defense', '2025-06-22 11:31:27.245277', '2025-06-22 11:31:27.245277');

INSERT INTO public.event_score_card_detail (id, score_card_id, team_name, player_name, points, remarks, created_at, updated_at) VALUES (3, 2, 'Team Alpha', 'Carol', 8, 'Top scorer', '2025-06-22 11:31:27.245277', '2025-06-22 11:31:27.245277');

INSERT INTO public.event_score_card_detail (id, score_card_id, team_name, player_name, points, remarks, created_at, updated_at) VALUES (4, 2, 'Team Beta', 'David', 7, 'Good effort', '2025-06-22 11:31:27.245277', '2025-06-22 11:31:27.245277');

INSERT INTO public.event_score_card_detail (id, score_card_id, team_name, player_name, points, remarks, created_at, updated_at) VALUES (5, 3, 'Team One', 'Eve', 3, 'Quick start', '2025-06-22 11:31:27.245277', '2025-06-22 11:31:27.245277');

INSERT INTO public.event_score_card_detail (id, score_card_id, team_name, player_name, points, remarks, created_at, updated_at) VALUES (6, 3, 'Team Two', 'Frank', 6, 'Solid finish', '2025-06-22 11:31:27.245277', '2025-06-22 11:31:27.245277');

INSERT INTO public.discount_code (id, code, description, discount_type, discount_value, max_uses, uses_count, valid_from, valid_to, is_active, created_at, updated_at, event_id, tenant_id) VALUES (2, 'VIP50', '50% off for VIPs', 'PERCENT', 50.00, 10, 2, '2025-04-01 00:00:00', '2025-08-01 00:00:00', true, '2025-06-22 11:31:27.135034', '2025-06-22 11:31:27.135034', 2, 'tenant_demo_001');

INSERT INTO public.discount_code (id, code, description, discount_type, discount_value, max_uses, uses_count, valid_from, valid_to, is_active, created_at, updated_at, event_id, tenant_id) VALUES (4, 'EARLYBIRD', 'Early bird discount', 'PERCENT', 20.00, 200, 20, '2025-01-01 00:00:00', '2025-04-10 00:00:00', true, '2025-06-22 11:31:27.135034', '2025-06-22 11:31:27.135034', 4, 'tenant_demo_001');

INSERT INTO public.discount_code (id, code, description, discount_type, discount_value, max_uses, uses_count, valid_from, valid_to, is_active, created_at, updated_at, event_id, tenant_id) VALUES (5, 'SUMMERFEST', 'Summer Fest special', 'PERCENT', 15.00, 150, 15, '2025-07-01 00:00:00', '2025-08-16 00:00:00', true, '2025-06-22 11:31:27.135034', '2025-06-22 11:31:27.135034', 5, 'tenant_demo_001');

INSERT INTO public.discount_code (id, code, description, discount_type, discount_value, max_uses, uses_count, valid_from, valid_to, is_active, created_at, updated_at, event_id, tenant_id) VALUES (6, 'FAMILY5', 'Family Picnic 5% off', 'PERCENT', 5.00, 50, 3, '2025-07-01 00:00:00', '2025-07-21 00:00:00', true, '2025-06-22 11:31:27.135034', '2025-06-22 11:31:27.135034', 6, 'tenant_demo_001');

INSERT INTO public.discount_code (id, code, description, discount_type, discount_value, max_uses, uses_count, valid_from, valid_to, is_active, created_at, updated_at, event_id, tenant_id) VALUES (1, 'SPRING10', '10% off Spring events', 'PERCENTAGE', 10.00, 100, 5, '2025-03-01 00:00:00', '2025-06-01 00:00:00', true, '2025-06-22 11:31:27.135034', '2025-06-22 11:31:27.135034', 1, 'tenant_demo_001');

INSERT INTO public.discount_code (id, code, description, discount_type, discount_value, max_uses, uses_count, valid_from, valid_to, is_active, created_at, updated_at, event_id, tenant_id) VALUES (3, 'FREERUN', 'Free entry for Charity Run', 'FIXED_AMOUNT', 100.00, 50, 10, '2025-05-01 00:00:00', '2025-06-02 00:00:00', true, '2025-06-22 11:31:27.135034', '2025-06-22 11:31:27.135034', 3, 'tenant_demo_001');

INSERT INTO public.discount_code (id, code, description, discount_type, discount_value, max_uses, uses_count, valid_from, valid_to, is_active, created_at, updated_at, event_id, tenant_id) VALUES (4851, 'SPRING12', 'xcxcxc', 'FIXED_AMOUNT', 4.00, 100, NULL, NULL, NULL, true, '2025-06-23 05:29:02.585', '2025-06-23 05:29:02.585', 1, 'tenant_demo_001');

INSERT INTO public.discount_code (id, code, description, discount_type, discount_value, max_uses, uses_count, valid_from, valid_to, is_active, created_at, updated_at, event_id, tenant_id) VALUES (4101, 'DEMO2026', '', 'PERCENTAGE', 10.00, 100, NULL, NULL, NULL, true, '2026-01-14 09:04:00.379', '2026-01-14 09:04:00.379', 6901, 'tenant_demo_002');

INSERT INTO public.event_ticket_type (id, tenant_id, name, description, price, is_service_fee_included, service_fee, code, available_quantity, sold_quantity, remaining_quantity, is_active, sale_start_date, sale_end_date, min_quantity_per_order, max_quantity_per_order, requires_approval, sort_order, created_at, updated_at, event_id) VALUES (1, 'tenant_demo_001', 'Standard', 'Standard ticket for Spring Gala', 50.00, false, NULL, 'STD', 100, 12, 88, true, NULL, NULL, 1, 10, false, 0, '2025-06-22 11:31:27.305395', '2025-06-22 11:31:27.363866', 6);

INSERT INTO public.event_ticket_type (id, tenant_id, name, description, price, is_service_fee_included, service_fee, code, available_quantity, sold_quantity, remaining_quantity, is_active, sale_start_date, sale_end_date, min_quantity_per_order, max_quantity_per_order, requires_approval, sort_order, created_at, updated_at, event_id) VALUES (3, 'tenant_demo_001', 'Runner', 'Runner ticket for Charity Run', 0.00, false, NULL, 'RUN', 300, 103, 197, true, NULL, NULL, 1, 10, false, 0, '2025-06-22 11:31:27.305395', '2025-06-22 11:31:27.363866', 3);

INSERT INTO public.event_ticket_type (id, tenant_id, name, description, price, is_service_fee_included, service_fee, code, available_quantity, sold_quantity, remaining_quantity, is_active, sale_start_date, sale_end_date, min_quantity_per_order, max_quantity_per_order, requires_approval, sort_order, created_at, updated_at, event_id) VALUES (4, 'tenant_demo_001', 'Family', 'Family ticket for Picnic', 20.00, false, NULL, 'FAM', 30, 14, 16, true, NULL, NULL, 1, 10, false, 0, '2025-06-22 11:31:27.305395', '2025-06-22 11:31:27.363866', 4);

INSERT INTO public.event_ticket_type (id, tenant_id, name, description, price, is_service_fee_included, service_fee, code, available_quantity, sold_quantity, remaining_quantity, is_active, sale_start_date, sale_end_date, min_quantity_per_order, max_quantity_per_order, requires_approval, sort_order, created_at, updated_at, event_id) VALUES (5, 'tenant_demo_001', 'Dinner', 'Dinner ticket for VIP Dinner', 100.00, false, NULL, 'DIN', 20, 9, 11, true, NULL, NULL, 1, 10, false, 0, '2025-06-22 11:31:27.305395', '2025-06-22 11:31:27.363866', 5);

INSERT INTO public.event_ticket_type (id, tenant_id, name, description, price, is_service_fee_included, service_fee, code, available_quantity, sold_quantity, remaining_quantity, is_active, sale_start_date, sale_end_date, min_quantity_per_order, max_quantity_per_order, requires_approval, sort_order, created_at, updated_at, event_id) VALUES (6, 'tenant_demo_001', 'Festival', 'Festival ticket for Summer Fest', 30.00, false, NULL, 'FEST', 200, 52, 148, true, NULL, NULL, 1, 10, false, 0, '2025-06-22 11:31:27.305395', '2025-06-22 11:31:27.363866', 6);

INSERT INTO public.event_ticket_type (id, tenant_id, name, description, price, is_service_fee_included, service_fee, code, available_quantity, sold_quantity, remaining_quantity, is_active, sale_start_date, sale_end_date, min_quantity_per_order, max_quantity_per_order, requires_approval, sort_order, created_at, updated_at, event_id) VALUES (2, 'tenant_demo_001', 'VIP', 'VIP ticket for Tech Conference', 200.00, false, NULL, 'VIP', 48, 8, 40, true, NULL, NULL, 1, 10, false, 0, '2025-06-22 11:31:27.305395', '2025-06-22 14:03:04.384515', 2);

INSERT INTO public.event_ticket_type (id, tenant_id, name, description, price, is_service_fee_included, service_fee, code, available_quantity, sold_quantity, remaining_quantity, is_active, sale_start_date, sale_end_date, min_quantity_per_order, max_quantity_per_order, requires_approval, sort_order, created_at, updated_at, event_id) VALUES (4752, 'tenant_demo_001', 'FAMILY5', 'xzxzxzxz', 10.00, false, 0.00, 'FAMILY5', 83, 6, 77, true, NULL, NULL, 1, 10, false, 0, '2025-06-22 17:50:20.591', '2025-06-22 16:46:15.904713', 1);

INSERT INTO public.event_ticket_type (id, tenant_id, name, description, price, is_service_fee_included, service_fee, code, available_quantity, sold_quantity, remaining_quantity, is_active, sale_start_date, sale_end_date, min_quantity_per_order, max_quantity_per_order, requires_approval, sort_order, created_at, updated_at, event_id) VALUES (4751, 'tenant_demo_001', 'zxzxz', 'xzxzxzxz', 20.00, false, 0.00, 'DIN', 84, 25, 59, true, NULL, NULL, 1, 10, false, 0, '2025-06-22 17:48:59.275', '2025-06-23 01:17:30.642189', 1);

INSERT INTO public.event_ticket_type (id, tenant_id, name, description, price, is_service_fee_included, service_fee, code, available_quantity, sold_quantity, remaining_quantity, is_active, sale_start_date, sale_end_date, min_quantity_per_order, max_quantity_per_order, requires_approval, sort_order, created_at, updated_at, event_id) VALUES (4051, 'tenant_demo_002', 'Demo', 'sdfsfdgsdfgsdfgsdfg', 100.00, false, 0.00, '234', 100, 0, 100, true, NULL, NULL, 1, 10, false, 0, '2026-01-14 09:01:19.23', '2026-01-14 09:01:19.23', 6901);

INSERT INTO public.event_ticket_type (id, tenant_id, name, description, price, is_service_fee_included, service_fee, code, available_quantity, sold_quantity, remaining_quantity, is_active, sale_start_date, sale_end_date, min_quantity_per_order, max_quantity_per_order, requires_approval, sort_order, created_at, updated_at, event_id) VALUES (7351, 'tenant_demo_002', 'Gold Sponsor', 'zzzxzxzxz', 0.70, false, 0.00, 'Gold_Sponsor', 100, 0, 100, true, NULL, NULL, 1, 10, false, 0, '2026-01-19 06:08:25.41', '2026-01-19 06:08:25.41', 4201);

INSERT INTO public.event_ticket_type (id, tenant_id, name, description, price, is_service_fee_included, service_fee, code, available_quantity, sold_quantity, remaining_quantity, is_active, sale_start_date, sale_end_date, min_quantity_per_order, max_quantity_per_order, requires_approval, sort_order, created_at, updated_at, event_id) VALUES (7352, 'tenant_demo_002', 'Silver Sponsor', 'zxzxzxzxzxzx', 0.60, false, 0.00, 'Silver_Sponsor', 100, 0, 100, true, NULL, NULL, 1, 10, false, 0, '2026-01-19 06:09:05.511', '2026-01-19 06:09:05.511', 4201);

INSERT INTO public.event_ticket_type (id, tenant_id, name, description, price, is_service_fee_included, service_fee, code, available_quantity, sold_quantity, remaining_quantity, is_active, sale_start_date, sale_end_date, min_quantity_per_order, max_quantity_per_order, requires_approval, sort_order, created_at, updated_at, event_id) VALUES (4152, 'tenant_demo_002', 'FirstClass', 'fdfddfdf', 0.60, false, 0.00, 'SPRING10', 100, NULL, NULL, true, NULL, NULL, 1, 10, false, 0, '2025-11-13 23:10:25.922', '2026-01-19 21:02:55.330005', 2);

INSERT INTO public.event_ticket_type (id, tenant_id, name, description, price, is_service_fee_included, service_fee, code, available_quantity, sold_quantity, remaining_quantity, is_active, sale_start_date, sale_end_date, min_quantity_per_order, max_quantity_per_order, requires_approval, sort_order, created_at, updated_at, event_id) VALUES (4151, 'tenant_demo_002', 'Balcony', 'sdsdsdss', 0.70, true, 0.00, 'fdfdfd', 100, 30, 95, true, NULL, NULL, 1, 10, false, 0, '2025-11-13 23:09:56.934', '2026-01-19 21:02:55.461366', 2);

INSERT INTO public.event_ticket_transaction (id, tenant_id, email, first_name, last_name, phone, quantity, price_per_unit, total_amount, tax_amount, platform_fee_amount, discount_code_id, discount_amount, service_fee, final_amount, net_payout_amount, status, payment_method, payment_reference, stripe_checkout_session_id, stripe_payment_intent_id, purchase_date, confirmation_sent_at, refund_amount, refund_date, refund_reason, stripe_customer_id, stripe_payment_status, stripe_customer_email, stripe_payment_currency, stripe_amount_discount, stripe_amount_tax, stripe_fee_amount, qr_code_image_url, event_id, user_id, created_at, updated_at, number_of_guests_checked_in, check_in_status, check_in_time, check_out_time) VALUES (1, 'tenant_demo_001', 'alice.johnson@example.com', 'Alice', 'Johnson', '555-1001', 2, 50.00, 100.00, 5.00, 2.00, 1, 10.00, NULL, 87.00, NULL, 'COMPLETED', 'CARD', 'REF001', NULL, NULL, '2025-06-22 11:31:27.363866', '2025-06-22 11:31:27.363866', 0.00, NULL, NULL, NULL, NULL, NULL, NULL, NULL, NULL, NULL, NULL, 1, 1, '2025-06-22 11:31:27.363866', '2025-06-22 11:31:27.363866', NULL, NULL, NULL, NULL);

INSERT INTO public.event_ticket_transaction (id, tenant_id, email, first_name, last_name, phone, quantity, price_per_unit, total_amount, tax_amount, platform_fee_amount, discount_code_id, discount_amount, service_fee, final_amount, net_payout_amount, status, payment_method, payment_reference, stripe_checkout_session_id, stripe_payment_intent_id, purchase_date, confirmation_sent_at, refund_amount, refund_date, refund_reason, stripe_customer_id, stripe_payment_status, stripe_customer_email, stripe_payment_currency, stripe_amount_discount, stripe_amount_tax, stripe_fee_amount, qr_code_image_url, event_id, user_id, created_at, updated_at, number_of_guests_checked_in, check_in_status, check_in_time, check_out_time) VALUES (2, 'tenant_demo_001', 'bob.smith@example.com', 'Bob', 'Smith', '555-1002', 1, 200.00, 200.00, 10.00, 5.00, 2, 20.00, NULL, 185.00, NULL, 'COMPLETED', 'CARD', 'REF002', NULL, NULL, '2025-06-22 11:31:27.363866', '2025-06-22 11:31:27.363866', 0.00, NULL, NULL, NULL, NULL, NULL, NULL, NULL, NULL, NULL, NULL, 2, 2, '2025-06-22 11:31:27.363866', '2025-06-22 11:31:27.363866', NULL, NULL, NULL, NULL);

INSERT INTO public.event_ticket_transaction (id, tenant_id, email, first_name, last_name, phone, quantity, price_per_unit, total_amount, tax_amount, platform_fee_amount, discount_code_id, discount_amount, service_fee, final_amount, net_payout_amount, status, payment_method, payment_reference, stripe_checkout_session_id, stripe_payment_intent_id, purchase_date, confirmation_sent_at, refund_amount, refund_date, refund_reason, stripe_customer_id, stripe_payment_status, stripe_customer_email, stripe_payment_currency, stripe_amount_discount, stripe_amount_tax, stripe_fee_amount, qr_code_image_url, event_id, user_id, created_at, updated_at, number_of_guests_checked_in, check_in_status, check_in_time, check_out_time) VALUES (3, 'tenant_demo_001', 'carol.williams@example.com', 'Carol', 'Williams', '555-1003', 3, 0.00, 0.00, 0.00, 0.00, 3, 0.00, NULL, 0.00, NULL, 'COMPLETED', 'CASH', 'REF003', NULL, NULL, '2025-06-22 11:31:27.363866', '2025-06-22 11:31:27.363866', 0.00, NULL, NULL, NULL, NULL, NULL, NULL, NULL, NULL, NULL, NULL, 3, 3, '2025-06-22 11:31:27.363866', '2025-06-22 11:31:27.363866', NULL, NULL, NULL, NULL);

INSERT INTO public.event_ticket_transaction (id, tenant_id, email, first_name, last_name, phone, quantity, price_per_unit, total_amount, tax_amount, platform_fee_amount, discount_code_id, discount_amount, service_fee, final_amount, net_payout_amount, status, payment_method, payment_reference, stripe_checkout_session_id, stripe_payment_intent_id, purchase_date, confirmation_sent_at, refund_amount, refund_date, refund_reason, stripe_customer_id, stripe_payment_status, stripe_customer_email, stripe_payment_currency, stripe_amount_discount, stripe_amount_tax, stripe_fee_amount, qr_code_image_url, event_id, user_id, created_at, updated_at, number_of_guests_checked_in, check_in_status, check_in_time, check_out_time) VALUES (4, 'tenant_demo_001', 'david.brown@example.com', 'David', 'Brown', '555-1004', 4, 20.00, 80.00, 4.00, 1.00, 4, 5.00, NULL, 70.00, NULL, 'COMPLETED', 'CARD', 'REF004', NULL, NULL, '2025-06-22 11:31:27.363866', '2025-06-22 11:31:27.363866', 0.00, NULL, NULL, NULL, NULL, NULL, NULL, NULL, NULL, NULL, NULL, 4, 4, '2025-06-22 11:31:27.363866', '2025-06-22 11:31:27.363866', NULL, NULL, NULL, NULL);

INSERT INTO public.event_ticket_transaction (id, tenant_id, email, first_name, last_name, phone, quantity, price_per_unit, total_amount, tax_amount, platform_fee_amount, discount_code_id, discount_amount, service_fee, final_amount, net_payout_amount, status, payment_method, payment_reference, stripe_checkout_session_id, stripe_payment_intent_id, purchase_date, confirmation_sent_at, refund_amount, refund_date, refund_reason, stripe_customer_id, stripe_payment_status, stripe_customer_email, stripe_payment_currency, stripe_amount_discount, stripe_amount_tax, stripe_fee_amount, qr_code_image_url, event_id, user_id, created_at, updated_at, number_of_guests_checked_in, check_in_status, check_in_time, check_out_time) VALUES (5, 'tenant_demo_001', 'eve.davis@example.com', 'Eve', 'Davis', '555-1005', 1, 100.00, 100.00, 5.00, 2.00, 5, 10.00, NULL, 87.00, NULL, 'COMPLETED', 'CARD', 'REF005', NULL, NULL, '2025-06-22 11:31:27.363866', '2025-06-22 11:31:27.363866', 0.00, NULL, NULL, NULL, NULL, NULL, NULL, NULL, NULL, NULL, NULL, 5, 5, '2025-06-22 11:31:27.363866', '2025-06-22 11:31:27.363866', NULL, NULL, NULL, NULL);

INSERT INTO public.event_ticket_transaction (id, tenant_id, email, first_name, last_name, phone, quantity, price_per_unit, total_amount, tax_amount, platform_fee_amount, discount_code_id, discount_amount, service_fee, final_amount, net_payout_amount, status, payment_method, payment_reference, stripe_checkout_session_id, stripe_payment_intent_id, purchase_date, confirmation_sent_at, refund_amount, refund_date, refund_reason, stripe_customer_id, stripe_payment_status, stripe_customer_email, stripe_payment_currency, stripe_amount_discount, stripe_amount_tax, stripe_fee_amount, qr_code_image_url, event_id, user_id, created_at, updated_at, number_of_guests_checked_in, check_in_status, check_in_time, check_out_time) VALUES (6, 'tenant_demo_001', 'frank.miller@example.com', 'Frank', 'Miller', '555-1006', 2, 30.00, 60.00, 3.00, 1.00, 6, 2.00, NULL, 54.00, NULL, 'COMPLETED', 'CARD', 'REF006', NULL, NULL, '2025-06-22 11:31:27.363866', '2025-06-22 11:31:27.363866', 0.00, NULL, NULL, NULL, NULL, NULL, NULL, NULL, NULL, NULL, NULL, 6, 6, '2025-06-22 11:31:27.363866', '2025-06-22 11:31:27.363866', NULL, NULL, NULL, NULL);

INSERT INTO public.event_ticket_transaction (id, tenant_id, email, first_name, last_name, phone, quantity, price_per_unit, total_amount, tax_amount, platform_fee_amount, discount_code_id, discount_amount, service_fee, final_amount, net_payout_amount, status, payment_method, payment_reference, stripe_checkout_session_id, stripe_payment_intent_id, purchase_date, confirmation_sent_at, refund_amount, refund_date, refund_reason, stripe_customer_id, stripe_payment_status, stripe_customer_email, stripe_payment_currency, stripe_amount_discount, stripe_amount_tax, stripe_fee_amount, qr_code_image_url, event_id, user_id, created_at, updated_at, number_of_guests_checked_in, check_in_status, check_in_time, check_out_time) VALUES (5651, 'tenant_demo_002', 'giventauser@gmail.com', NULL, NULL, NULL, 1, 20.00, 20.00, NULL, NULL, NULL, NULL, NULL, 20.00, 19.12, 'COMPLETED', NULL, 'pi_3STnGNK5BrggeAHM1tWGvedZ', NULL, 'pi_3STnGNK5BrggeAHM1tWGvedZ', '2025-11-15 17:27:52.543596', '2025-11-15 17:28:22.374504', NULL, NULL, NULL, NULL, 'succeeded', NULL, 'USD', NULL, NULL, 0.88, 'https://eventapp-media-bucket.s3.us-east-2.amazonaws.com/default/events/tenantId/tenant_demo_002/event-id/2/tickets/qrcode_5651_1763227701599_c8998c19.png', 2, NULL, '2025-11-15 17:28:20.994107', '2025-11-15 17:28:22.374504', NULL, NULL, NULL, NULL);

INSERT INTO public.event_ticket_transaction (id, tenant_id, email, first_name, last_name, phone, quantity, price_per_unit, total_amount, tax_amount, platform_fee_amount, discount_code_id, discount_amount, service_fee, final_amount, net_payout_amount, status, payment_method, payment_reference, stripe_checkout_session_id, stripe_payment_intent_id, purchase_date, confirmation_sent_at, refund_amount, refund_date, refund_reason, stripe_customer_id, stripe_payment_status, stripe_customer_email, stripe_payment_currency, stripe_amount_discount, stripe_amount_tax, stripe_fee_amount, qr_code_image_url, event_id, user_id, created_at, updated_at, number_of_guests_checked_in, check_in_status, check_in_time, check_out_time) VALUES (5558, 'tenant_demo_002', 'giventauser@gmail.com', NULL, NULL, NULL, 1, 20.00, 20.00, NULL, NULL, NULL, NULL, NULL, 20.00, 19.12, 'COMPLETED', NULL, 'pi_3STmTzK5BrggeAHM0sk5275H', NULL, 'pi_3STmTzK5BrggeAHM0sk5275H', '2025-11-15 16:37:52.657744', '2025-11-15 16:44:35.023548', NULL, NULL, NULL, NULL, 'succeeded', NULL, 'USD', NULL, NULL, 0.88, 'https://eventapp-media-bucket.s3.us-east-2.amazonaws.com/default/events/tenantId/tenant_demo_002/event-id/2/tickets/qrcode_5558_1763224689847_c8729e19.png', 2, NULL, '2025-11-15 16:38:09.826793', '2025-11-15 16:44:35.023548', NULL, NULL, NULL, NULL);

INSERT INTO public.event_ticket_transaction (id, tenant_id, email, first_name, last_name, phone, quantity, price_per_unit, total_amount, tax_amount, platform_fee_amount, discount_code_id, discount_amount, service_fee, final_amount, net_payout_amount, status, payment_method, payment_reference, stripe_checkout_session_id, stripe_payment_intent_id, purchase_date, confirmation_sent_at, refund_amount, refund_date, refund_reason, stripe_customer_id, stripe_payment_status, stripe_customer_email, stripe_payment_currency, stripe_amount_discount, stripe_amount_tax, stripe_fee_amount, qr_code_image_url, event_id, user_id, created_at, updated_at, number_of_guests_checked_in, check_in_status, check_in_time, check_out_time) VALUES (5557, 'tenant_demo_002', 'giventauser@gmail.com', NULL, NULL, NULL, 1, 20.00, 20.00, NULL, NULL, NULL, NULL, NULL, 20.00, 19.12, 'COMPLETED', NULL, 'pi_3STmOjK5BrggeAHM0okMc6Dg', NULL, 'pi_3STmOjK5BrggeAHM0okMc6Dg', '2025-11-15 16:32:26.763112', '2025-11-15 16:36:59.711688', NULL, NULL, NULL, NULL, 'succeeded', NULL, 'USD', NULL, NULL, 0.88, 'https://eventapp-media-bucket.s3.us-east-2.amazonaws.com/default/events/tenantId/tenant_demo_002/event-id/2/tickets/qrcode_5557_1763224377598_c05a6a1a.png', 2, NULL, '2025-11-15 16:32:57.577084', '2025-11-15 16:36:59.711688', NULL, NULL, NULL, NULL);

INSERT INTO public.event_ticket_transaction (id, tenant_id, email, first_name, last_name, phone, quantity, price_per_unit, total_amount, tax_amount, platform_fee_amount, discount_code_id, discount_amount, service_fee, final_amount, net_payout_amount, status, payment_method, payment_reference, stripe_checkout_session_id, stripe_payment_intent_id, purchase_date, confirmation_sent_at, refund_amount, refund_date, refund_reason, stripe_customer_id, stripe_payment_status, stripe_customer_email, stripe_payment_currency, stripe_amount_discount, stripe_amount_tax, stripe_fee_amount, qr_code_image_url, event_id, user_id, created_at, updated_at, number_of_guests_checked_in, check_in_status, check_in_time, check_out_time) VALUES (5556, 'tenant_demo_002', 'giventauser@gmail.com', NULL, NULL, NULL, 1, 20.00, 20.00, NULL, NULL, NULL, NULL, NULL, 20.00, 19.12, 'COMPLETED', NULL, 'pi_3STmL0K5BrggeAHM071yhrBt', NULL, 'pi_3STmL0K5BrggeAHM071yhrBt', '2025-11-15 16:28:35.518658', '2025-11-15 16:28:51.02849', NULL, NULL, NULL, NULL, 'succeeded', NULL, 'USD', NULL, NULL, 0.88, 'https://eventapp-media-bucket.s3.us-east-2.amazonaws.com/default/events/tenantId/tenant_demo_002/event-id/2/tickets/qrcode_5556_1763224130665_771b9ce4.png', 2, NULL, '2025-11-15 16:28:50.645515', '2025-11-15 16:28:51.02849', NULL, NULL, NULL, NULL);

INSERT INTO public.event_ticket_transaction (id, tenant_id, email, first_name, last_name, phone, quantity, price_per_unit, total_amount, tax_amount, platform_fee_amount, discount_code_id, discount_amount, service_fee, final_amount, net_payout_amount, status, payment_method, payment_reference, stripe_checkout_session_id, stripe_payment_intent_id, purchase_date, confirmation_sent_at, refund_amount, refund_date, refund_reason, stripe_customer_id, stripe_payment_status, stripe_customer_email, stripe_payment_currency, stripe_amount_discount, stripe_amount_tax, stripe_fee_amount, qr_code_image_url, event_id, user_id, created_at, updated_at, number_of_guests_checked_in, check_in_status, check_in_time, check_out_time) VALUES (5554, 'tenant_demo_002', 'giventauser@gmail.com', NULL, NULL, NULL, 1, 20.00, 20.00, NULL, NULL, NULL, NULL, NULL, 20.00, 19.12, 'COMPLETED', NULL, 'pi_3STmB4K5BrggeAHM19ZTqmdA', NULL, 'pi_3STmB4K5BrggeAHM19ZTqmdA', '2025-11-15 16:18:19.339306', '2025-11-15 16:19:40.559055', NULL, NULL, NULL, NULL, 'succeeded', NULL, 'USD', NULL, NULL, 0.88, 'https://eventapp-media-bucket.s3.us-east-2.amazonaws.com/default/events/tenantId/tenant_demo_002/event-id/2/tickets/qrcode_5554_1763223528575_a1e583f0.png', 2, NULL, '2025-11-15 16:18:48.546853', '2025-11-15 16:19:40.559055', NULL, NULL, NULL, NULL);

INSERT INTO public.event_ticket_transaction (id, tenant_id, email, first_name, last_name, phone, quantity, price_per_unit, total_amount, tax_amount, platform_fee_amount, discount_code_id, discount_amount, service_fee, final_amount, net_payout_amount, status, payment_method, payment_reference, stripe_checkout_session_id, stripe_payment_intent_id, purchase_date, confirmation_sent_at, refund_amount, refund_date, refund_reason, stripe_customer_id, stripe_payment_status, stripe_customer_email, stripe_payment_currency, stripe_amount_discount, stripe_amount_tax, stripe_fee_amount, qr_code_image_url, event_id, user_id, created_at, updated_at, number_of_guests_checked_in, check_in_status, check_in_time, check_out_time) VALUES (5553, 'tenant_demo_002', 'giventauser@gmail.com', NULL, NULL, NULL, 1, 20.00, 20.00, NULL, NULL, NULL, NULL, NULL, 20.00, 19.12, 'COMPLETED', NULL, 'pi_3STltdK5BrggeAHM0AvERMH4', NULL, 'pi_3STltdK5BrggeAHM0AvERMH4', '2025-11-15 16:00:18.750893', '2025-11-15 16:17:05.706599', NULL, NULL, NULL, NULL, 'succeeded', NULL, 'USD', NULL, NULL, 0.88, 'https://eventapp-media-bucket.s3.us-east-2.amazonaws.com/default/events/tenantId/tenant_demo_002/event-id/2/tickets/qrcode_5553_1763222745643_f5009a42.png', 2, NULL, '2025-11-15 16:05:05.446925', '2025-11-15 16:17:05.706599', NULL, NULL, NULL, NULL);

INSERT INTO public.event_ticket_transaction (id, tenant_id, email, first_name, last_name, phone, quantity, price_per_unit, total_amount, tax_amount, platform_fee_amount, discount_code_id, discount_amount, service_fee, final_amount, net_payout_amount, status, payment_method, payment_reference, stripe_checkout_session_id, stripe_payment_intent_id, purchase_date, confirmation_sent_at, refund_amount, refund_date, refund_reason, stripe_customer_id, stripe_payment_status, stripe_customer_email, stripe_payment_currency, stripe_amount_discount, stripe_amount_tax, stripe_fee_amount, qr_code_image_url, event_id, user_id, created_at, updated_at, number_of_guests_checked_in, check_in_status, check_in_time, check_out_time) VALUES (5552, 'tenant_demo_002', 'giventauser@gmail.com', NULL, NULL, NULL, 1, 20.00, 20.00, NULL, NULL, NULL, NULL, NULL, 20.00, 19.12, 'COMPLETED', NULL, 'pi_3STlkmK5BrggeAHM0o1iT6AC', NULL, 'pi_3STlkmK5BrggeAHM0o1iT6AC', '2025-11-15 15:51:09.049451', '2025-11-15 15:58:13.371182', NULL, NULL, NULL, NULL, 'succeeded', NULL, 'USD', NULL, NULL, 0.88, 'https://eventapp-media-bucket.s3.us-east-2.amazonaws.com/default/events/tenantId/tenant_demo_002/event-id/2/tickets/qrcode_5552_1763222281017_f6ef5463.png', 2, NULL, '2025-11-15 15:51:21.938189', '2025-11-15 15:58:13.371182', NULL, NULL, NULL, NULL);

INSERT INTO public.event_ticket_transaction (id, tenant_id, email, first_name, last_name, phone, quantity, price_per_unit, total_amount, tax_amount, platform_fee_amount, discount_code_id, discount_amount, service_fee, final_amount, net_payout_amount, status, payment_method, payment_reference, stripe_checkout_session_id, stripe_payment_intent_id, purchase_date, confirmation_sent_at, refund_amount, refund_date, refund_reason, stripe_customer_id, stripe_payment_status, stripe_customer_email, stripe_payment_currency, stripe_amount_discount, stripe_amount_tax, stripe_fee_amount, qr_code_image_url, event_id, user_id, created_at, updated_at, number_of_guests_checked_in, check_in_status, check_in_time, check_out_time) VALUES (5551, 'tenant_demo_002', 'giventauser@gmail.com', NULL, NULL, NULL, 1, 20.00, 20.00, NULL, NULL, NULL, NULL, NULL, 20.00, 19.12, 'COMPLETED', NULL, 'pi_3STldFK5BrggeAHM1fN9OiMt', NULL, 'pi_3STldFK5BrggeAHM1fN9OiMt', '2025-11-15 15:43:24.288219', '2025-11-15 15:43:41.572103', NULL, NULL, NULL, NULL, 'succeeded', NULL, 'USD', NULL, NULL, 0.88, 'https://eventapp-media-bucket.s3.us-east-2.amazonaws.com/default/events/tenantId/tenant_demo_002/event-id/2/tickets/qrcode_5551_1763221420573_cd446085.png', 2, NULL, '2025-11-15 15:43:40.115016', '2025-11-15 15:43:41.572103', NULL, NULL, NULL, NULL);

INSERT INTO public.event_ticket_transaction (id, tenant_id, email, first_name, last_name, phone, quantity, price_per_unit, total_amount, tax_amount, platform_fee_amount, discount_code_id, discount_amount, service_fee, final_amount, net_payout_amount, status, payment_method, payment_reference, stripe_checkout_session_id, stripe_payment_intent_id, purchase_date, confirmation_sent_at, refund_amount, refund_date, refund_reason, stripe_customer_id, stripe_payment_status, stripe_customer_email, stripe_payment_currency, stripe_amount_discount, stripe_amount_tax, stripe_fee_amount, qr_code_image_url, event_id, user_id, created_at, updated_at, number_of_guests_checked_in, check_in_status, check_in_time, check_out_time) VALUES (5451, 'tenant_demo_002', 'giventauser@gmail.com', NULL, NULL, NULL, 1, 20.00, 20.00, NULL, NULL, NULL, NULL, NULL, 20.00, 19.12, 'COMPLETED', NULL, 'pi_3STdjSK5BrggeAHM1XfGuqD4', NULL, 'pi_3STdjSK5BrggeAHM1XfGuqD4', '2025-11-15 07:17:15.339988', '2025-11-15 07:17:42.109082', NULL, NULL, NULL, NULL, 'succeeded', NULL, 'USD', NULL, NULL, 0.88, 'https://eventapp-media-bucket.s3.us-east-2.amazonaws.com/default/events/tenantId/tenant_demo_002/event-id/2/tickets/qrcode_5451_1763191061185_fb97bcbe.png', 2, NULL, '2025-11-15 07:17:40.886128', '2025-11-15 07:17:42.109082', NULL, NULL, NULL, NULL);

INSERT INTO public.event_ticket_transaction (id, tenant_id, email, first_name, last_name, phone, quantity, price_per_unit, total_amount, tax_amount, platform_fee_amount, discount_code_id, discount_amount, service_fee, final_amount, net_payout_amount, status, payment_method, payment_reference, stripe_checkout_session_id, stripe_payment_intent_id, purchase_date, confirmation_sent_at, refund_amount, refund_date, refund_reason, stripe_customer_id, stripe_payment_status, stripe_customer_email, stripe_payment_currency, stripe_amount_discount, stripe_amount_tax, stripe_fee_amount, qr_code_image_url, event_id, user_id, created_at, updated_at, number_of_guests_checked_in, check_in_status, check_in_time, check_out_time) VALUES (5351, 'tenant_demo_002', 'giventauser@gmail.com', NULL, NULL, NULL, 1, 20.00, 20.00, NULL, NULL, NULL, NULL, NULL, 20.00, 19.12, 'COMPLETED', NULL, 'pi_3STdgaK5BrggeAHM0QsNf6iy', NULL, 'pi_3STdgaK5BrggeAHM0QsNf6iy', '2025-11-15 07:14:17.521463', '2025-11-15 07:14:35.621114', NULL, NULL, NULL, NULL, 'succeeded', NULL, 'USD', NULL, NULL, 0.88, 'https://eventapp-media-bucket.s3.us-east-2.amazonaws.com/default/events/tenantId/tenant_demo_002/event-id/2/tickets/qrcode_5351_1763190874700_fefc5071.png', 2, NULL, '2025-11-15 07:14:34.288339', '2025-11-15 07:14:35.621114', NULL, NULL, NULL, NULL);

INSERT INTO public.event_ticket_transaction (id, tenant_id, email, first_name, last_name, phone, quantity, price_per_unit, total_amount, tax_amount, platform_fee_amount, discount_code_id, discount_amount, service_fee, final_amount, net_payout_amount, status, payment_method, payment_reference, stripe_checkout_session_id, stripe_payment_intent_id, purchase_date, confirmation_sent_at, refund_amount, refund_date, refund_reason, stripe_customer_id, stripe_payment_status, stripe_customer_email, stripe_payment_currency, stripe_amount_discount, stripe_amount_tax, stripe_fee_amount, qr_code_image_url, event_id, user_id, created_at, updated_at, number_of_guests_checked_in, check_in_status, check_in_time, check_out_time) VALUES (5251, 'tenant_demo_002', 'giventauser@gmail.com', NULL, NULL, NULL, 1, 20.00, 20.00, NULL, NULL, NULL, NULL, NULL, 20.00, 19.12, 'COMPLETED', NULL, 'pi_3STdQzK5BrggeAHM17XdPEvf', NULL, 'pi_3STdQzK5BrggeAHM17XdPEvf', '2025-11-15 06:58:11.587149', '2025-11-15 06:58:33.311163', NULL, NULL, NULL, NULL, 'succeeded', NULL, 'USD', NULL, NULL, 0.88, 'https://eventapp-media-bucket.s3.us-east-2.amazonaws.com/default/events/tenantId/tenant_demo_002/event-id/2/tickets/qrcode_5251_1763189912301_43f8a440.png', 2, NULL, '2025-11-15 06:58:31.749317', '2025-11-15 06:58:33.311163', NULL, NULL, NULL, NULL);

INSERT INTO public.event_ticket_transaction (id, tenant_id, email, first_name, last_name, phone, quantity, price_per_unit, total_amount, tax_amount, platform_fee_amount, discount_code_id, discount_amount, service_fee, final_amount, net_payout_amount, status, payment_method, payment_reference, stripe_checkout_session_id, stripe_payment_intent_id, purchase_date, confirmation_sent_at, refund_amount, refund_date, refund_reason, stripe_customer_id, stripe_payment_status, stripe_customer_email, stripe_payment_currency, stripe_amount_discount, stripe_amount_tax, stripe_fee_amount, qr_code_image_url, event_id, user_id, created_at, updated_at, number_of_guests_checked_in, check_in_status, check_in_time, check_out_time) VALUES (4203, 'tenant_demo_002', 'giventauser@gmail.com', 'Gain', 'Joseph', '', 1, 20.00, 20.00, 0.00, 0.00, NULL, 0.00, NULL, 20.00, 19.12, 'COMPLETED', 'card', 'pi_3STC0zK5BrggeAHM1oFoajIL', 'cs_test_a13JdEarexaVkc3kRZUEWz2WaNM6NCVaAC0R3HOvKJecDRIckqQcT8PcT2', 'pi_3STC0zK5BrggeAHM1oFoajIL', '2025-11-14 01:42:10.781', NULL, NULL, NULL, NULL, NULL, 'paid', 'giventauser@gmail.com', 'usd', 0.00, 0.00, 0.88, 'https://eventapp-media-bucket.s3.us-east-2.amazonaws.com/default/events/tenantId/tenant_demo_002/event-id/2/tickets/qrcode_4203_1763084543444_2699c0c9.png', 2, NULL, '2025-11-14 01:42:10.781', '2025-11-14 01:42:10.781', NULL, NULL, NULL, NULL);

INSERT INTO public.event_ticket_transaction (id, tenant_id, email, first_name, last_name, phone, quantity, price_per_unit, total_amount, tax_amount, platform_fee_amount, discount_code_id, discount_amount, service_fee, final_amount, net_payout_amount, status, payment_method, payment_reference, stripe_checkout_session_id, stripe_payment_intent_id, purchase_date, confirmation_sent_at, refund_amount, refund_date, refund_reason, stripe_customer_id, stripe_payment_status, stripe_customer_email, stripe_payment_currency, stripe_amount_discount, stripe_amount_tax, stripe_fee_amount, qr_code_image_url, event_id, user_id, created_at, updated_at, number_of_guests_checked_in, check_in_status, check_in_time, check_out_time) VALUES (4202, 'tenant_demo_002', 'giventauser@gmail.com', 'Gain', 'Joseph', '', 1, 20.00, 20.00, 0.00, 0.00, NULL, 0.00, NULL, 20.00, 19.12, 'COMPLETED', 'card', 'pi_3STBVBK5BrggeAHM1NEIe1Zs', 'cs_test_a1yi9XcmnhgwQZ7HlYAKOSnZFpZRE6UrJT29oHauzllu7JxszcNCPDakVE', 'pi_3STBVBK5BrggeAHM1NEIe1Zs', '2025-11-14 01:09:04.685', NULL, NULL, NULL, NULL, NULL, 'paid', 'giventauser@gmail.com', 'usd', 0.00, 0.00, 0.88, 'https://eventapp-media-bucket.s3.us-east-2.amazonaws.com/default/events/tenantId/tenant_demo_002/event-id/2/tickets/qrcode_4202_1763082551000_9421320d.png', 2, NULL, '2025-11-14 01:09:04.685', '2025-11-14 01:09:04.685', NULL, NULL, NULL, NULL);

INSERT INTO public.event_ticket_transaction (id, tenant_id, email, first_name, last_name, phone, quantity, price_per_unit, total_amount, tax_amount, platform_fee_amount, discount_code_id, discount_amount, service_fee, final_amount, net_payout_amount, status, payment_method, payment_reference, stripe_checkout_session_id, stripe_payment_intent_id, purchase_date, confirmation_sent_at, refund_amount, refund_date, refund_reason, stripe_customer_id, stripe_payment_status, stripe_customer_email, stripe_payment_currency, stripe_amount_discount, stripe_amount_tax, stripe_fee_amount, qr_code_image_url, event_id, user_id, created_at, updated_at, number_of_guests_checked_in, check_in_status, check_in_time, check_out_time) VALUES (4201, 'tenant_demo_002', 'giventauser@gmail.com', 'Gain', 'Joseph', '', 2, 15.00, 30.00, 0.00, 0.00, NULL, 0.00, NULL, 30.00, 28.83, 'COMPLETED', 'card', 'pi_3ST9oqK5BrggeAHM1TZB0cGi', 'cs_test_b1HmfM1OggeFdBoD2a3nnea0dmBSG1rWB9G9Xm67zVHaQF9s5wZAHqDPYv', 'pi_3ST9oqK5BrggeAHM1TZB0cGi', '2025-11-13 23:21:56.135', NULL, NULL, NULL, NULL, NULL, 'paid', 'giventauser@gmail.com', 'usd', 0.00, 0.00, 1.17, 'https://eventapp-media-bucket.s3.us-east-2.amazonaws.com/default/events/tenantId/tenant_demo_002/event-id/2/tickets/qrcode_4201_1763076128440_8abba8bb.png', 2, NULL, '2025-11-13 23:21:56.135', '2025-11-13 23:21:56.135', NULL, NULL, NULL, NULL);

INSERT INTO public.event_ticket_transaction (id, tenant_id, email, first_name, last_name, phone, quantity, price_per_unit, total_amount, tax_amount, platform_fee_amount, discount_code_id, discount_amount, service_fee, final_amount, net_payout_amount, status, payment_method, payment_reference, stripe_checkout_session_id, stripe_payment_intent_id, purchase_date, confirmation_sent_at, refund_amount, refund_date, refund_reason, stripe_customer_id, stripe_payment_status, stripe_customer_email, stripe_payment_currency, stripe_amount_discount, stripe_amount_tax, stripe_fee_amount, qr_code_image_url, event_id, user_id, created_at, updated_at, number_of_guests_checked_in, check_in_status, check_in_time, check_out_time) VALUES (4253, 'tenant_demo_002', 'giventauser@gmail.com', 'Gain', 'Joseph', NULL, 1, 0.70, 0.70, NULL, NULL, NULL, NULL, NULL, 0.70, 0.38, 'COMPLETED', 'pm_1SaTBpK5BrggeAHMDo5AHc4H', 'pi_3SaTBRK5BrggeAHM0jsC3I7T', NULL, 'pi_3SaTBRK5BrggeAHM0jsC3I7T', '2025-12-04 03:26:21.739917', '2025-12-04 03:26:55.805925', NULL, NULL, NULL, NULL, 'succeeded', NULL, 'USD', NULL, NULL, 0.32, 'https://eventapp-media-bucket.s3.us-east-2.amazonaws.com/dev/events/tenantId/tenant_demo_002/event-id/2/tickets/qrcode_4253_1764818815405_9434b918.png', 2, NULL, '2025-12-04 03:26:54.942781', '2025-12-04 03:26:55.805925', NULL, NULL, NULL, NULL);

INSERT INTO public.event_ticket_transaction (id, tenant_id, email, first_name, last_name, phone, quantity, price_per_unit, total_amount, tax_amount, platform_fee_amount, discount_code_id, discount_amount, service_fee, final_amount, net_payout_amount, status, payment_method, payment_reference, stripe_checkout_session_id, stripe_payment_intent_id, purchase_date, confirmation_sent_at, refund_amount, refund_date, refund_reason, stripe_customer_id, stripe_payment_status, stripe_customer_email, stripe_payment_currency, stripe_amount_discount, stripe_amount_tax, stripe_fee_amount, qr_code_image_url, event_id, user_id, created_at, updated_at, number_of_guests_checked_in, check_in_status, check_in_time, check_out_time) VALUES (4251, 'tenant_demo_002', 'giventauser@gmail.com', 'Gain', 'Joseph', NULL, 1, 0.70, 0.70, NULL, NULL, NULL, NULL, NULL, 0.70, 0.38, 'COMPLETED', 'pm_1SaT5BK5BrggeAHMtG624UGB', 'pi_3SaT53K5BrggeAHM01w6W6nT', NULL, 'pi_3SaT53K5BrggeAHM01w6W6nT', '2025-12-04 03:19:45.895587', '2025-12-04 03:20:38.031475', NULL, NULL, NULL, NULL, 'succeeded', NULL, 'USD', NULL, NULL, 0.32, 'https://eventapp-media-bucket.s3.us-east-2.amazonaws.com/dev/events/tenantId/tenant_demo_002/event-id/2/tickets/qrcode_4251_1764818437515_d5136ea9.png', 2, NULL, '2025-12-04 03:20:36.744148', '2025-12-04 03:20:38.031475', NULL, NULL, NULL, NULL);

INSERT INTO public.event_ticket_transaction (id, tenant_id, email, first_name, last_name, phone, quantity, price_per_unit, total_amount, tax_amount, platform_fee_amount, discount_code_id, discount_amount, service_fee, final_amount, net_payout_amount, status, payment_method, payment_reference, stripe_checkout_session_id, stripe_payment_intent_id, purchase_date, confirmation_sent_at, refund_amount, refund_date, refund_reason, stripe_customer_id, stripe_payment_status, stripe_customer_email, stripe_payment_currency, stripe_amount_discount, stripe_amount_tax, stripe_fee_amount, qr_code_image_url, event_id, user_id, created_at, updated_at, number_of_guests_checked_in, check_in_status, check_in_time, check_out_time) VALUES (7303, 'tenant_demo_002', 'giventauser@gmail.com', NULL, NULL, NULL, 1, 1.30, 1.30, NULL, NULL, NULL, NULL, NULL, 1.30, 0.96, 'COMPLETED', NULL, 'pi_3SWNwaK5BrggeAHM14SfE8mi', NULL, 'pi_3SWNwaK5BrggeAHM14SfE8mi', '2025-11-22 21:02:08.518562', '2025-11-22 21:02:30.21137', NULL, NULL, NULL, NULL, 'succeeded', NULL, 'USD', NULL, NULL, 0.34, 'https://eventapp-media-bucket.s3.us-east-2.amazonaws.com/dev/events/tenantId/tenant_demo_002/event-id/2/tickets/qrcode_7303_1763845349899_65973e60.png', 2, NULL, '2025-11-22 21:02:29.880586', '2025-11-22 21:02:30.21137', NULL, NULL, NULL, NULL);

INSERT INTO public.event_ticket_transaction (id, tenant_id, email, first_name, last_name, phone, quantity, price_per_unit, total_amount, tax_amount, platform_fee_amount, discount_code_id, discount_amount, service_fee, final_amount, net_payout_amount, status, payment_method, payment_reference, stripe_checkout_session_id, stripe_payment_intent_id, purchase_date, confirmation_sent_at, refund_amount, refund_date, refund_reason, stripe_customer_id, stripe_payment_status, stripe_customer_email, stripe_payment_currency, stripe_amount_discount, stripe_amount_tax, stripe_fee_amount, qr_code_image_url, event_id, user_id, created_at, updated_at, number_of_guests_checked_in, check_in_status, check_in_time, check_out_time) VALUES (7302, 'tenant_demo_002', 'giventauser@gmail.com', NULL, NULL, NULL, 1, 0.70, 0.70, NULL, NULL, NULL, NULL, NULL, 0.70, 0.38, 'COMPLETED', NULL, 'pi_3SWNl3K5BrggeAHM1buNcMu4', NULL, 'pi_3SWNl3K5BrggeAHM1buNcMu4', '2025-11-22 20:50:13.216592', '2025-11-22 20:51:50.159927', NULL, NULL, NULL, NULL, 'succeeded', NULL, 'USD', NULL, NULL, 0.32, 'https://eventapp-media-bucket.s3.us-east-2.amazonaws.com/dev/events/tenantId/tenant_demo_002/event-id/2/tickets/qrcode_7302_1763844709818_27330c3d.png', 2, NULL, '2025-11-22 20:51:49.795252', '2025-11-22 20:51:50.159927', NULL, NULL, NULL, NULL);

INSERT INTO public.event_ticket_transaction (id, tenant_id, email, first_name, last_name, phone, quantity, price_per_unit, total_amount, tax_amount, platform_fee_amount, discount_code_id, discount_amount, service_fee, final_amount, net_payout_amount, status, payment_method, payment_reference, stripe_checkout_session_id, stripe_payment_intent_id, purchase_date, confirmation_sent_at, refund_amount, refund_date, refund_reason, stripe_customer_id, stripe_payment_status, stripe_customer_email, stripe_payment_currency, stripe_amount_discount, stripe_amount_tax, stripe_fee_amount, qr_code_image_url, event_id, user_id, created_at, updated_at, number_of_guests_checked_in, check_in_status, check_in_time, check_out_time) VALUES (7301, 'tenant_demo_002', 'giventauser@gmail.com', NULL, NULL, NULL, 1, 0.70, 0.70, NULL, NULL, NULL, NULL, NULL, 0.70, 0.38, 'COMPLETED', NULL, 'pi_3SWNU0K5BrggeAHM0xcWF7ap', NULL, 'pi_3SWNU0K5BrggeAHM0xcWF7ap', '2025-11-22 20:32:36.739296', '2025-11-22 20:33:17.869056', NULL, NULL, NULL, NULL, 'succeeded', NULL, 'USD', NULL, NULL, 0.32, 'https://eventapp-media-bucket.s3.us-east-2.amazonaws.com/dev/events/tenantId/tenant_demo_002/event-id/2/tickets/qrcode_7301_1763843597100_5511f104.png', 2, NULL, '2025-11-22 20:33:16.684727', '2025-11-22 20:33:17.869056', NULL, NULL, NULL, NULL);

INSERT INTO public.event_ticket_transaction (id, tenant_id, email, first_name, last_name, phone, quantity, price_per_unit, total_amount, tax_amount, platform_fee_amount, discount_code_id, discount_amount, service_fee, final_amount, net_payout_amount, status, payment_method, payment_reference, stripe_checkout_session_id, stripe_payment_intent_id, purchase_date, confirmation_sent_at, refund_amount, refund_date, refund_reason, stripe_customer_id, stripe_payment_status, stripe_customer_email, stripe_payment_currency, stripe_amount_discount, stripe_amount_tax, stripe_fee_amount, qr_code_image_url, event_id, user_id, created_at, updated_at, number_of_guests_checked_in, check_in_status, check_in_time, check_out_time) VALUES (6051, 'tenant_demo_002', 'giventauser@gmail.com', NULL, NULL, NULL, 1, 20.00, 20.00, NULL, NULL, NULL, NULL, NULL, 20.00, 19.12, 'COMPLETED', NULL, 'pi_3STqSWK5BrggeAHM0Z3oML9o', NULL, 'pi_3STqSWK5BrggeAHM0Z3oML9o', '2025-11-15 20:52:38.562883', '2025-11-15 20:52:58.348832', NULL, NULL, NULL, NULL, 'succeeded', NULL, 'USD', NULL, NULL, 0.88, 'https://eventapp-media-bucket.s3.us-east-2.amazonaws.com/default/events/tenantId/tenant_demo_002/event-id/2/tickets/qrcode_6051_1763239977532_da822080.png', 2, NULL, '2025-11-15 20:52:52.564526', '2025-11-15 20:52:58.348832', NULL, NULL, NULL, NULL);

INSERT INTO public.event_ticket_transaction (id, tenant_id, email, first_name, last_name, phone, quantity, price_per_unit, total_amount, tax_amount, platform_fee_amount, discount_code_id, discount_amount, service_fee, final_amount, net_payout_amount, status, payment_method, payment_reference, stripe_checkout_session_id, stripe_payment_intent_id, purchase_date, confirmation_sent_at, refund_amount, refund_date, refund_reason, stripe_customer_id, stripe_payment_status, stripe_customer_email, stripe_payment_currency, stripe_amount_discount, stripe_amount_tax, stripe_fee_amount, qr_code_image_url, event_id, user_id, created_at, updated_at, number_of_guests_checked_in, check_in_status, check_in_time, check_out_time) VALUES (5951, 'tenant_demo_002', 'giventauser@gmail.com', NULL, NULL, NULL, 1, 20.00, 20.00, NULL, NULL, NULL, NULL, NULL, 20.00, 19.12, 'COMPLETED', NULL, 'pi_3STp8JK5BrggeAHM1XclQbjr', NULL, 'pi_3STp8JK5BrggeAHM1XclQbjr', '2025-11-15 19:27:41.119479', '2025-11-15 19:28:04.202601', NULL, NULL, NULL, NULL, 'succeeded', NULL, 'USD', NULL, NULL, 0.88, 'https://eventapp-media-bucket.s3.us-east-2.amazonaws.com/default/events/tenantId/tenant_demo_002/event-id/2/tickets/qrcode_5951_1763234883340_cfe570d4.png', 2, NULL, '2025-11-15 19:27:58.246993', '2025-11-15 19:28:04.202601', NULL, NULL, NULL, NULL);

INSERT INTO public.event_ticket_transaction (id, tenant_id, email, first_name, last_name, phone, quantity, price_per_unit, total_amount, tax_amount, platform_fee_amount, discount_code_id, discount_amount, service_fee, final_amount, net_payout_amount, status, payment_method, payment_reference, stripe_checkout_session_id, stripe_payment_intent_id, purchase_date, confirmation_sent_at, refund_amount, refund_date, refund_reason, stripe_customer_id, stripe_payment_status, stripe_customer_email, stripe_payment_currency, stripe_amount_discount, stripe_amount_tax, stripe_fee_amount, qr_code_image_url, event_id, user_id, created_at, updated_at, number_of_guests_checked_in, check_in_status, check_in_time, check_out_time) VALUES (5852, 'tenant_demo_002', 'giventauser@gmail.com', NULL, NULL, NULL, 1, 20.00, 20.00, NULL, NULL, NULL, NULL, NULL, 20.00, 19.12, 'COMPLETED', NULL, 'pi_3SToscK5BrggeAHM08Z93p4q', NULL, 'pi_3SToscK5BrggeAHM08Z93p4q', '2025-11-15 19:11:27.224948', '2025-11-15 19:11:45.960302', NULL, NULL, NULL, NULL, 'succeeded', NULL, 'USD', NULL, NULL, 0.88, 'https://eventapp-media-bucket.s3.us-east-2.amazonaws.com/default/events/tenantId/tenant_demo_002/event-id/2/tickets/qrcode_5852_1763233905608_8e8d0caa.png', 2, NULL, '2025-11-15 19:11:45.587662', '2025-11-15 19:11:45.960302', NULL, NULL, NULL, NULL);

INSERT INTO public.event_ticket_transaction (id, tenant_id, email, first_name, last_name, phone, quantity, price_per_unit, total_amount, tax_amount, platform_fee_amount, discount_code_id, discount_amount, service_fee, final_amount, net_payout_amount, status, payment_method, payment_reference, stripe_checkout_session_id, stripe_payment_intent_id, purchase_date, confirmation_sent_at, refund_amount, refund_date, refund_reason, stripe_customer_id, stripe_payment_status, stripe_customer_email, stripe_payment_currency, stripe_amount_discount, stripe_amount_tax, stripe_fee_amount, qr_code_image_url, event_id, user_id, created_at, updated_at, number_of_guests_checked_in, check_in_status, check_in_time, check_out_time) VALUES (5851, 'tenant_demo_002', 'giventauser@gmail.com', NULL, NULL, NULL, 1, 20.00, 20.00, NULL, NULL, NULL, NULL, NULL, 20.00, 19.12, 'COMPLETED', NULL, 'pi_3STonMK5BrggeAHM14X0icIi', NULL, 'pi_3STonMK5BrggeAHM14X0icIi', '2025-11-15 19:06:03.256618', '2025-11-15 19:06:55.77404', NULL, NULL, NULL, NULL, 'succeeded', NULL, 'USD', NULL, NULL, 0.88, 'https://eventapp-media-bucket.s3.us-east-2.amazonaws.com/default/events/tenantId/tenant_demo_002/event-id/2/tickets/qrcode_5851_1763233589899_0f27530c.png', 2, NULL, '2025-11-15 19:06:29.563936', '2025-11-15 19:06:55.77404', NULL, NULL, NULL, NULL);

INSERT INTO public.event_ticket_transaction (id, tenant_id, email, first_name, last_name, phone, quantity, price_per_unit, total_amount, tax_amount, platform_fee_amount, discount_code_id, discount_amount, service_fee, final_amount, net_payout_amount, status, payment_method, payment_reference, stripe_checkout_session_id, stripe_payment_intent_id, purchase_date, confirmation_sent_at, refund_amount, refund_date, refund_reason, stripe_customer_id, stripe_payment_status, stripe_customer_email, stripe_payment_currency, stripe_amount_discount, stripe_amount_tax, stripe_fee_amount, qr_code_image_url, event_id, user_id, created_at, updated_at, number_of_guests_checked_in, check_in_status, check_in_time, check_out_time) VALUES (5757, 'tenant_demo_002', 'giventauser@gmail.com', NULL, NULL, NULL, 1, 20.00, 20.00, NULL, NULL, NULL, NULL, NULL, 20.00, 19.12, 'COMPLETED', NULL, 'pi_3SToUzK5BrggeAHM1LObw64V', NULL, 'pi_3SToUzK5BrggeAHM1LObw64V', '2025-11-15 18:47:02.034106', '2025-11-15 18:47:23.209026', NULL, NULL, NULL, NULL, 'succeeded', NULL, 'USD', NULL, NULL, 0.88, 'https://eventapp-media-bucket.s3.us-east-2.amazonaws.com/default/events/tenantId/tenant_demo_002/event-id/2/tickets/qrcode_5757_1763232442858_1c0a546b.png', 2, NULL, '2025-11-15 18:47:22.840834', '2025-11-15 18:47:23.209026', NULL, NULL, NULL, NULL);

INSERT INTO public.event_ticket_transaction (id, tenant_id, email, first_name, last_name, phone, quantity, price_per_unit, total_amount, tax_amount, platform_fee_amount, discount_code_id, discount_amount, service_fee, final_amount, net_payout_amount, status, payment_method, payment_reference, stripe_checkout_session_id, stripe_payment_intent_id, purchase_date, confirmation_sent_at, refund_amount, refund_date, refund_reason, stripe_customer_id, stripe_payment_status, stripe_customer_email, stripe_payment_currency, stripe_amount_discount, stripe_amount_tax, stripe_fee_amount, qr_code_image_url, event_id, user_id, created_at, updated_at, number_of_guests_checked_in, check_in_status, check_in_time, check_out_time) VALUES (5756, 'tenant_demo_002', 'giventauser@gmail.com', NULL, NULL, NULL, 1, 20.00, 20.00, NULL, NULL, NULL, NULL, NULL, 20.00, 19.12, 'COMPLETED', NULL, 'pi_3SToKyK5BrggeAHM1arNAhzE', NULL, 'pi_3SToKyK5BrggeAHM1arNAhzE', '2025-11-15 18:36:41.411681', '2025-11-15 18:36:57.598268', NULL, NULL, NULL, NULL, 'succeeded', NULL, 'USD', NULL, NULL, 0.88, 'https://eventapp-media-bucket.s3.us-east-2.amazonaws.com/default/events/tenantId/tenant_demo_002/event-id/2/tickets/qrcode_5756_1763231817178_ee76a405.png', 2, NULL, '2025-11-15 18:36:57.161071', '2025-11-15 18:36:57.598827', NULL, NULL, NULL, NULL);

INSERT INTO public.event_ticket_transaction (id, tenant_id, email, first_name, last_name, phone, quantity, price_per_unit, total_amount, tax_amount, platform_fee_amount, discount_code_id, discount_amount, service_fee, final_amount, net_payout_amount, status, payment_method, payment_reference, stripe_checkout_session_id, stripe_payment_intent_id, purchase_date, confirmation_sent_at, refund_amount, refund_date, refund_reason, stripe_customer_id, stripe_payment_status, stripe_customer_email, stripe_payment_currency, stripe_amount_discount, stripe_amount_tax, stripe_fee_amount, qr_code_image_url, event_id, user_id, created_at, updated_at, number_of_guests_checked_in, check_in_status, check_in_time, check_out_time) VALUES (5755, 'tenant_demo_002', 'giventauser@gmail.com', NULL, NULL, NULL, 1, 20.00, 20.00, NULL, NULL, NULL, NULL, NULL, 20.00, 19.12, 'COMPLETED', NULL, 'pi_3SToDAK5BrggeAHM1XEJENR2', NULL, 'pi_3SToDAK5BrggeAHM1XEJENR2', '2025-11-15 18:28:37.634271', '2025-11-15 18:29:41.662122', NULL, NULL, NULL, NULL, 'succeeded', NULL, 'USD', NULL, NULL, 0.88, 'https://eventapp-media-bucket.s3.us-east-2.amazonaws.com/default/events/tenantId/tenant_demo_002/event-id/2/tickets/qrcode_5755_1763231337388_7bed155f.png', 2, NULL, '2025-11-15 18:28:57.368695', '2025-11-15 18:29:41.662122', NULL, NULL, NULL, NULL);

INSERT INTO public.event_ticket_transaction (id, tenant_id, email, first_name, last_name, phone, quantity, price_per_unit, total_amount, tax_amount, platform_fee_amount, discount_code_id, discount_amount, service_fee, final_amount, net_payout_amount, status, payment_method, payment_reference, stripe_checkout_session_id, stripe_payment_intent_id, purchase_date, confirmation_sent_at, refund_amount, refund_date, refund_reason, stripe_customer_id, stripe_payment_status, stripe_customer_email, stripe_payment_currency, stripe_amount_discount, stripe_amount_tax, stripe_fee_amount, qr_code_image_url, event_id, user_id, created_at, updated_at, number_of_guests_checked_in, check_in_status, check_in_time, check_out_time) VALUES (5754, 'tenant_demo_002', 'giventauser@gmail.com', NULL, NULL, NULL, 1, 20.00, 20.00, NULL, NULL, NULL, NULL, NULL, 20.00, 19.12, 'COMPLETED', NULL, 'pi_3STo6kK5BrggeAHM1A97ZLzd', NULL, 'pi_3STo6kK5BrggeAHM1A97ZLzd', '2025-11-15 18:21:59.617644', '2025-11-15 18:25:21.074876', NULL, NULL, NULL, NULL, 'succeeded', NULL, 'USD', NULL, NULL, 0.88, 'https://eventapp-media-bucket.s3.us-east-2.amazonaws.com/default/events/tenantId/tenant_demo_002/event-id/2/tickets/qrcode_5754_1763230936006_283de7b9.png', 2, NULL, '2025-11-15 18:22:15.9827', '2025-11-15 18:25:21.074876', NULL, NULL, NULL, NULL);

INSERT INTO public.event_ticket_transaction (id, tenant_id, email, first_name, last_name, phone, quantity, price_per_unit, total_amount, tax_amount, platform_fee_amount, discount_code_id, discount_amount, service_fee, final_amount, net_payout_amount, status, payment_method, payment_reference, stripe_checkout_session_id, stripe_payment_intent_id, purchase_date, confirmation_sent_at, refund_amount, refund_date, refund_reason, stripe_customer_id, stripe_payment_status, stripe_customer_email, stripe_payment_currency, stripe_amount_discount, stripe_amount_tax, stripe_fee_amount, qr_code_image_url, event_id, user_id, created_at, updated_at, number_of_guests_checked_in, check_in_status, check_in_time, check_out_time) VALUES (5753, 'tenant_demo_002', 'giventauser@gmail.com', NULL, NULL, NULL, 1, 20.00, 20.00, NULL, NULL, NULL, NULL, NULL, 20.00, 19.12, 'COMPLETED', NULL, 'pi_3STntVK5BrggeAHM0SalXUdD', NULL, 'pi_3STntVK5BrggeAHM0SalXUdD', '2025-11-15 18:08:17.837644', '2025-11-15 18:09:31.536953', NULL, NULL, NULL, NULL, 'succeeded', NULL, 'USD', NULL, NULL, 0.88, 'https://eventapp-media-bucket.s3.us-east-2.amazonaws.com/default/events/tenantId/tenant_demo_002/event-id/2/tickets/qrcode_5753_1763230115505_fe0bf365.png', 2, NULL, '2025-11-15 18:08:35.48315', '2025-11-15 18:09:31.536953', NULL, NULL, NULL, NULL);

INSERT INTO public.event_ticket_transaction (id, tenant_id, email, first_name, last_name, phone, quantity, price_per_unit, total_amount, tax_amount, platform_fee_amount, discount_code_id, discount_amount, service_fee, final_amount, net_payout_amount, status, payment_method, payment_reference, stripe_checkout_session_id, stripe_payment_intent_id, purchase_date, confirmation_sent_at, refund_amount, refund_date, refund_reason, stripe_customer_id, stripe_payment_status, stripe_customer_email, stripe_payment_currency, stripe_amount_discount, stripe_amount_tax, stripe_fee_amount, qr_code_image_url, event_id, user_id, created_at, updated_at, number_of_guests_checked_in, check_in_status, check_in_time, check_out_time) VALUES (5752, 'tenant_demo_002', 'giventauser@gmail.com', NULL, NULL, NULL, 1, 20.00, 20.00, NULL, NULL, NULL, NULL, NULL, 20.00, 19.12, 'COMPLETED', NULL, 'pi_3STnpLK5BrggeAHM0TwE0hEF', NULL, 'pi_3STnpLK5BrggeAHM0TwE0hEF', '2025-11-15 18:04:00.404786', '2025-11-15 18:04:38.022489', NULL, NULL, NULL, NULL, 'succeeded', NULL, 'USD', NULL, NULL, 0.88, 'https://eventapp-media-bucket.s3.us-east-2.amazonaws.com/default/events/tenantId/tenant_demo_002/event-id/2/tickets/qrcode_5752_1763229862982_29a5ee4e.png', 2, NULL, '2025-11-15 18:04:22.950982', '2025-11-15 18:04:38.022489', NULL, NULL, NULL, NULL);

INSERT INTO public.event_ticket_transaction (id, tenant_id, email, first_name, last_name, phone, quantity, price_per_unit, total_amount, tax_amount, platform_fee_amount, discount_code_id, discount_amount, service_fee, final_amount, net_payout_amount, status, payment_method, payment_reference, stripe_checkout_session_id, stripe_payment_intent_id, purchase_date, confirmation_sent_at, refund_amount, refund_date, refund_reason, stripe_customer_id, stripe_payment_status, stripe_customer_email, stripe_payment_currency, stripe_amount_discount, stripe_amount_tax, stripe_fee_amount, qr_code_image_url, event_id, user_id, created_at, updated_at, number_of_guests_checked_in, check_in_status, check_in_time, check_out_time) VALUES (5751, 'tenant_demo_002', 'giventauser@gmail.com', NULL, NULL, NULL, 1, 20.00, 20.00, NULL, NULL, NULL, NULL, NULL, 20.00, 19.12, 'COMPLETED', NULL, 'pi_3STnfhK5BrggeAHM0fYuCbXb', NULL, 'pi_3STnfhK5BrggeAHM0fYuCbXb', '2025-11-15 17:54:04.723965', '2025-11-15 18:00:10.469696', NULL, NULL, NULL, NULL, 'succeeded', NULL, 'USD', NULL, NULL, 0.88, 'https://eventapp-media-bucket.s3.us-east-2.amazonaws.com/default/events/tenantId/tenant_demo_002/event-id/2/tickets/qrcode_5751_1763229318654_4ebf1add.png', 2, NULL, '2025-11-15 17:55:17.849156', '2025-11-15 18:00:10.469696', NULL, NULL, NULL, NULL);

INSERT INTO public.event_ticket_transaction (id, tenant_id, email, first_name, last_name, phone, quantity, price_per_unit, total_amount, tax_amount, platform_fee_amount, discount_code_id, discount_amount, service_fee, final_amount, net_payout_amount, status, payment_method, payment_reference, stripe_checkout_session_id, stripe_payment_intent_id, purchase_date, confirmation_sent_at, refund_amount, refund_date, refund_reason, stripe_customer_id, stripe_payment_status, stripe_customer_email, stripe_payment_currency, stripe_amount_discount, stripe_amount_tax, stripe_fee_amount, qr_code_image_url, event_id, user_id, created_at, updated_at, number_of_guests_checked_in, check_in_status, check_in_time, check_out_time) VALUES (5555, 'tenant_demo_002', 'giventauser@gmail.com', NULL, NULL, NULL, 1, 20.00, 20.00, NULL, NULL, NULL, NULL, NULL, 20.00, 19.12, 'COMPLETED', NULL, 'pi_3STmDqK5BrggeAHM0YUtINHB', NULL, 'pi_3STmDqK5BrggeAHM0YUtINHB', '2025-11-15 16:21:11.136355', '2025-11-15 16:27:53.025447', NULL, NULL, NULL, NULL, 'succeeded', NULL, 'USD', NULL, NULL, 0.88, 'https://eventapp-media-bucket.s3.us-east-2.amazonaws.com/default/events/tenantId/tenant_demo_002/event-id/2/tickets/qrcode_5555_1763223687070_7844f0aa.png', 2, NULL, '2025-11-15 16:21:27.049283', '2025-11-15 16:27:53.025447', NULL, NULL, NULL, NULL);

INSERT INTO public.event_ticket_transaction (id, tenant_id, email, first_name, last_name, phone, quantity, price_per_unit, total_amount, tax_amount, platform_fee_amount, discount_code_id, discount_amount, service_fee, final_amount, net_payout_amount, status, payment_method, payment_reference, stripe_checkout_session_id, stripe_payment_intent_id, purchase_date, confirmation_sent_at, refund_amount, refund_date, refund_reason, stripe_customer_id, stripe_payment_status, stripe_customer_email, stripe_payment_currency, stripe_amount_discount, stripe_amount_tax, stripe_fee_amount, qr_code_image_url, event_id, user_id, created_at, updated_at, number_of_guests_checked_in, check_in_status, check_in_time, check_out_time) VALUES (7501, 'tenant_demo_002', 'giventauser@gmail.com', NULL, NULL, '3123430073', 1, 0.70, 0.70, NULL, NULL, NULL, NULL, NULL, 0.70, NULL, 'PENDING', NULL, NULL, NULL, NULL, '2026-01-19 06:16:28.380574', NULL, NULL, NULL, NULL, NULL, NULL, NULL, NULL, NULL, NULL, NULL, NULL, 4201, NULL, '2026-01-19 06:16:28.380574', '2026-01-19 06:16:28.380574', NULL, NULL, NULL, NULL);

INSERT INTO public.event_ticket_transaction (id, tenant_id, email, first_name, last_name, phone, quantity, price_per_unit, total_amount, tax_amount, platform_fee_amount, discount_code_id, discount_amount, service_fee, final_amount, net_payout_amount, status, payment_method, payment_reference, stripe_checkout_session_id, stripe_payment_intent_id, purchase_date, confirmation_sent_at, refund_amount, refund_date, refund_reason, stripe_customer_id, stripe_payment_status, stripe_customer_email, stripe_payment_currency, stripe_amount_discount, stripe_amount_tax, stripe_fee_amount, qr_code_image_url, event_id, user_id, created_at, updated_at, number_of_guests_checked_in, check_in_status, check_in_time, check_out_time) VALUES (7502, 'tenant_demo_002', 'giventauser@gmail.com', NULL, NULL, '3123430073', 1, 0.60, 0.60, NULL, NULL, NULL, NULL, NULL, 0.60, NULL, 'PENDING', NULL, NULL, NULL, NULL, '2026-01-19 06:29:19.829925', NULL, NULL, NULL, NULL, NULL, NULL, NULL, NULL, NULL, NULL, NULL, NULL, 4201, NULL, '2026-01-19 06:29:19.829925', '2026-01-19 06:29:19.829925', NULL, NULL, NULL, NULL);

INSERT INTO public.event_ticket_transaction_item (id, tenant_id, transaction_id, ticket_type_id, quantity, price_per_unit, total_amount, created_at, updated_at) VALUES (4251, 'tenant_demo_002', 4201, 4151, 1, 20.00, 20.00, '2025-11-13 23:21:56.135', '2025-11-13 23:21:56.135');

INSERT INTO public.event_ticket_transaction_item (id, tenant_id, transaction_id, ticket_type_id, quantity, price_per_unit, total_amount, created_at, updated_at) VALUES (4252, 'tenant_demo_002', 4201, 4152, 1, 10.00, 10.00, '2025-11-13 23:21:56.135', '2025-11-13 23:21:56.135');

INSERT INTO public.event_ticket_transaction_item (id, tenant_id, transaction_id, ticket_type_id, quantity, price_per_unit, total_amount, created_at, updated_at) VALUES (4253, 'tenant_demo_002', 4202, 4151, 1, 20.00, 20.00, '2025-11-14 01:09:04.685', '2025-11-14 01:09:04.685');

INSERT INTO public.event_ticket_transaction_item (id, tenant_id, transaction_id, ticket_type_id, quantity, price_per_unit, total_amount, created_at, updated_at) VALUES (4254, 'tenant_demo_002', 4203, 4151, 1, 20.00, 20.00, '2025-11-14 01:42:10.781', '2025-11-14 01:42:10.781');

INSERT INTO public.event_ticket_transaction_item (id, tenant_id, transaction_id, ticket_type_id, quantity, price_per_unit, total_amount, created_at, updated_at) VALUES (4301, 'tenant_demo_002', 4251, 4151, 1, 0.70, 0.70, '2025-12-04 03:20:36.927805', '2025-12-04 03:20:36.927805');

INSERT INTO public.event_ticket_transaction_item (id, tenant_id, transaction_id, ticket_type_id, quantity, price_per_unit, total_amount, created_at, updated_at) VALUES (4303, 'tenant_demo_002', 4253, 4151, 1, 0.70, 0.70, '2025-12-04 03:26:55.127733', '2025-12-04 03:26:55.127733');

INSERT INTO public.event_ticket_transaction_item (id, tenant_id, transaction_id, ticket_type_id, quantity, price_per_unit, total_amount, created_at, updated_at) VALUES (7551, 'tenant_demo_002', 7501, 7351, 1, 0.70, 0.70, '2026-01-19 06:16:28.380574', '2026-01-19 06:16:28.380574');

INSERT INTO public.event_ticket_transaction_item (id, tenant_id, transaction_id, ticket_type_id, quantity, price_per_unit, total_amount, created_at, updated_at) VALUES (7552, 'tenant_demo_002', 7502, 7352, 1, 0.60, 0.60, '2026-01-19 06:29:19.829925', '2026-01-19 06:29:19.829925');

INSERT INTO public.qr_code_usage (id, tenant_id, attendee_id, qr_code_data, qr_code_type, generated_at, expires_at, used_at, usage_count, max_usage_count, last_scanned_by, scan_location, device_info, ip_address, is_valid, invalidated_at, invalidation_reason, created_at) VALUES (1, 'tenant_demo_001', 1, 'QR1', 'CHECK_IN', '2025-06-22 11:31:27.426132', NULL, NULL, 0, 1, NULL, NULL, NULL, NULL, true, NULL, NULL, '2025-06-22 11:31:27.426132');

INSERT INTO public.qr_code_usage (id, tenant_id, attendee_id, qr_code_data, qr_code_type, generated_at, expires_at, used_at, usage_count, max_usage_count, last_scanned_by, scan_location, device_info, ip_address, is_valid, invalidated_at, invalidation_reason, created_at) VALUES (2, 'tenant_demo_001', 2, 'QR2', 'CHECK_IN', '2025-06-22 11:31:27.426132', NULL, NULL, 0, 1, NULL, NULL, NULL, NULL, true, NULL, NULL, '2025-06-22 11:31:27.426132');

INSERT INTO public.qr_code_usage (id, tenant_id, attendee_id, qr_code_data, qr_code_type, generated_at, expires_at, used_at, usage_count, max_usage_count, last_scanned_by, scan_location, device_info, ip_address, is_valid, invalidated_at, invalidation_reason, created_at) VALUES (3, 'tenant_demo_001', 3, 'QR3', 'CHECK_IN', '2025-06-22 11:31:27.426132', NULL, NULL, 0, 1, NULL, NULL, NULL, NULL, true, NULL, NULL, '2025-06-22 11:31:27.426132');

INSERT INTO public.qr_code_usage (id, tenant_id, attendee_id, qr_code_data, qr_code_type, generated_at, expires_at, used_at, usage_count, max_usage_count, last_scanned_by, scan_location, device_info, ip_address, is_valid, invalidated_at, invalidation_reason, created_at) VALUES (4, 'tenant_demo_001', 4, 'QR4', 'CHECK_IN', '2025-06-22 11:31:27.426132', NULL, NULL, 0, 1, NULL, NULL, NULL, NULL, true, NULL, NULL, '2025-06-22 11:31:27.426132');

INSERT INTO public.qr_code_usage (id, tenant_id, attendee_id, qr_code_data, qr_code_type, generated_at, expires_at, used_at, usage_count, max_usage_count, last_scanned_by, scan_location, device_info, ip_address, is_valid, invalidated_at, invalidation_reason, created_at) VALUES (5, 'tenant_demo_001', 5, 'QR5', 'CHECK_IN', '2025-06-22 11:31:27.426132', NULL, NULL, 0, 1, NULL, NULL, NULL, NULL, true, NULL, NULL, '2025-06-22 11:31:27.426132');

INSERT INTO public.qr_code_usage (id, tenant_id, attendee_id, qr_code_data, qr_code_type, generated_at, expires_at, used_at, usage_count, max_usage_count, last_scanned_by, scan_location, device_info, ip_address, is_valid, invalidated_at, invalidation_reason, created_at) VALUES (6, 'tenant_demo_001', 6, 'QR6', 'CHECK_IN', '2025-06-22 11:31:27.426132', NULL, NULL, 0, 1, NULL, NULL, NULL, NULL, true, NULL, NULL, '2025-06-22 11:31:27.426132');

INSERT INTO public.rel_event_details__discount_codes (event_details_id, discount_codes_id) VALUES (1, 1);

INSERT INTO public.rel_event_details__discount_codes (event_details_id, discount_codes_id) VALUES (3, 3);

INSERT INTO public.rel_event_details__discount_codes (event_details_id, discount_codes_id) VALUES (4, 4);

INSERT INTO public.rel_event_details__discount_codes (event_details_id, discount_codes_id) VALUES (5, 5);

INSERT INTO public.rel_event_details__discount_codes (event_details_id, discount_codes_id) VALUES (6, 6);

INSERT INTO public.rel_event_details__discount_codes (event_details_id, discount_codes_id) VALUES (4101, 2);

INSERT INTO public.rel_event_details__discount_codes (event_details_id, discount_codes_id) VALUES (6356, 2);

INSERT INTO public.tenant_organization (id, tenant_id, organization_name, domain, primary_color, secondary_color, logo_url, contact_email, contact_phone, subscription_plan, subscription_status, subscription_start_date, subscription_end_date, monthly_fee_usd, stripe_customer_id, is_active, created_at, updated_at) VALUES (1, 'tenant_demo_001', 'Malayalees US', NULL, NULL, NULL, NULL, 'contact1@example.com', NULL, NULL, NULL, NULL, NULL, NULL, NULL, true, '2025-06-22 11:31:27.518852', '2025-06-22 11:31:27.518852');

INSERT INTO public.tenant_organization (id, tenant_id, organization_name, domain, primary_color, secondary_color, logo_url, contact_email, contact_phone, subscription_plan, subscription_status, subscription_start_date, subscription_end_date, monthly_fee_usd, stripe_customer_id, is_active, created_at, updated_at) VALUES (3, 'tenant_demo_003', 'Charity Org', NULL, NULL, NULL, NULL, 'contact3@example.com', NULL, NULL, NULL, NULL, NULL, NULL, NULL, true, '2025-06-22 11:31:27.518852', '2025-06-22 11:31:27.518852');

INSERT INTO public.tenant_organization (id, tenant_id, organization_name, domain, primary_color, secondary_color, logo_url, contact_email, contact_phone, subscription_plan, subscription_status, subscription_start_date, subscription_end_date, monthly_fee_usd, stripe_customer_id, is_active, created_at, updated_at) VALUES (4, 'tenant_demo_004', 'Family Org', NULL, NULL, NULL, NULL, 'contact4@example.com', NULL, NULL, NULL, NULL, NULL, NULL, NULL, true, '2025-06-22 11:31:27.518852', '2025-06-22 11:31:27.518852');

INSERT INTO public.tenant_organization (id, tenant_id, organization_name, domain, primary_color, secondary_color, logo_url, contact_email, contact_phone, subscription_plan, subscription_status, subscription_start_date, subscription_end_date, monthly_fee_usd, stripe_customer_id, is_active, created_at, updated_at) VALUES (5, 'tenant_demo_005', 'VIP Org', NULL, NULL, NULL, NULL, 'contact5@example.com', NULL, NULL, NULL, NULL, NULL, NULL, NULL, true, '2025-06-22 11:31:27.518852', '2025-06-22 11:31:27.518852');

INSERT INTO public.tenant_organization (id, tenant_id, organization_name, domain, primary_color, secondary_color, logo_url, contact_email, contact_phone, subscription_plan, subscription_status, subscription_start_date, subscription_end_date, monthly_fee_usd, stripe_customer_id, is_active, created_at, updated_at) VALUES (6, 'tenant_demo_006', 'Summer Org', NULL, NULL, NULL, NULL, 'contact6@example.com', NULL, NULL, NULL, NULL, NULL, NULL, NULL, true, '2025-06-22 11:31:27.518852', '2025-06-22 11:31:27.518852');

INSERT INTO public.tenant_organization (id, tenant_id, organization_name, domain, primary_color, secondary_color, logo_url, contact_email, contact_phone, subscription_plan, subscription_status, subscription_start_date, subscription_end_date, monthly_fee_usd, stripe_customer_id, is_active, created_at, updated_at) VALUES (2, 'tenant_demo_002', 'Techies US', '', '#3B82F6', '#1E40AF', '', 'contact2@example.com', '', 'BASIC', 'TRIAL', NULL, NULL, 0.00, '', true, '2025-06-22 11:31:27.518852', '2026-01-13 06:42:44.040745');

INSERT INTO public.tenant_settings (id, tenant_id, tenant_organization_id, allow_user_registration, show_events_section_in_home_page, show_team_members_section_in_home_page, show_sponsors_section_in_home_page, is_membership_subscription_enabled, require_admin_approval, enable_whatsapp_integration, address_line_1, address_line_2, phone_number, zip_code, country, state_province, email, whatsapp_api_key, twilio_account_sid, twilio_auth_token, twilio_whatsapp_from, whatsapp_webhook_url, whatsapp_webhook_token, enable_email_marketing, email_provider_config, custom_css, custom_js, max_events_per_month, max_attendees_per_event, enable_guest_registration, max_guests_per_attendee, default_event_capacity, platform_fee_percentage, email_header_image_url, email_footer_html_url, logo_image_url, created_at, updated_at) VALUES (1, 'tenant_demo_001', 1, true, false, false, false, false, false, false, NULL, NULL, NULL, NULL, NULL, NULL, NULL, NULL, NULL, NULL, NULL, NULL, NULL, false, NULL, NULL, NULL, NULL, NULL, true, 5, 100, NULL, NULL, NULL, NULL, '2025-06-22 11:31:27.571', '2025-09-11 22:08:43.52');

INSERT INTO public.tenant_settings (id, tenant_id, tenant_organization_id, allow_user_registration, show_events_section_in_home_page, show_team_members_section_in_home_page, show_sponsors_section_in_home_page, is_membership_subscription_enabled, require_admin_approval, enable_whatsapp_integration, address_line_1, address_line_2, phone_number, zip_code, country, state_province, email, whatsapp_api_key, twilio_account_sid, twilio_auth_token, twilio_whatsapp_from, whatsapp_webhook_url, whatsapp_webhook_token, enable_email_marketing, email_provider_config, custom_css, custom_js, max_events_per_month, max_attendees_per_event, enable_guest_registration, max_guests_per_attendee, default_event_capacity, platform_fee_percentage, email_header_image_url, email_footer_html_url, logo_image_url, created_at, updated_at) VALUES (3, 'tenant_demo_003', 3, false, false, false, false, false, false, false, NULL, NULL, NULL, NULL, NULL, NULL, NULL, NULL, NULL, NULL, NULL, NULL, NULL, true, NULL, NULL, NULL, NULL, NULL, false, 3, 50, NULL, NULL, NULL, NULL, '2025-06-22 11:31:27.571', '2025-09-11 22:08:43.52');

INSERT INTO public.tenant_settings (id, tenant_id, tenant_organization_id, allow_user_registration, show_events_section_in_home_page, show_team_members_section_in_home_page, show_sponsors_section_in_home_page, is_membership_subscription_enabled, require_admin_approval, enable_whatsapp_integration, address_line_1, address_line_2, phone_number, zip_code, country, state_province, email, whatsapp_api_key, twilio_account_sid, twilio_auth_token, twilio_whatsapp_from, whatsapp_webhook_url, whatsapp_webhook_token, enable_email_marketing, email_provider_config, custom_css, custom_js, max_events_per_month, max_attendees_per_event, enable_guest_registration, max_guests_per_attendee, default_event_capacity, platform_fee_percentage, email_header_image_url, email_footer_html_url, logo_image_url, created_at, updated_at) VALUES (4, 'tenant_demo_004', 4, true, false, false, false, false, false, true, NULL, NULL, NULL, NULL, NULL, NULL, NULL, NULL, NULL, NULL, NULL, NULL, NULL, true, NULL, NULL, NULL, NULL, NULL, true, 8, 150, NULL, NULL, NULL, NULL, '2025-06-22 11:31:27.571', '2025-09-11 22:08:43.52');

INSERT INTO public.tenant_settings (id, tenant_id, tenant_organization_id, allow_user_registration, show_events_section_in_home_page, show_team_members_section_in_home_page, show_sponsors_section_in_home_page, is_membership_subscription_enabled, require_admin_approval, enable_whatsapp_integration, address_line_1, address_line_2, phone_number, zip_code, country, state_province, email, whatsapp_api_key, twilio_account_sid, twilio_auth_token, twilio_whatsapp_from, whatsapp_webhook_url, whatsapp_webhook_token, enable_email_marketing, email_provider_config, custom_css, custom_js, max_events_per_month, max_attendees_per_event, enable_guest_registration, max_guests_per_attendee, default_event_capacity, platform_fee_percentage, email_header_image_url, email_footer_html_url, logo_image_url, created_at, updated_at) VALUES (5, 'tenant_demo_005', 5, true, false, false, false, false, true, false, NULL, NULL, NULL, NULL, NULL, NULL, NULL, NULL, NULL, NULL, NULL, NULL, NULL, true, NULL, NULL, NULL, NULL, NULL, false, 2, 75, NULL, NULL, NULL, NULL, '2025-06-22 11:31:27.571', '2025-09-11 22:08:43.52');

INSERT INTO public.tenant_settings (id, tenant_id, tenant_organization_id, allow_user_registration, show_events_section_in_home_page, show_team_members_section_in_home_page, show_sponsors_section_in_home_page, is_membership_subscription_enabled, require_admin_approval, enable_whatsapp_integration, address_line_1, address_line_2, phone_number, zip_code, country, state_province, email, whatsapp_api_key, twilio_account_sid, twilio_auth_token, twilio_whatsapp_from, whatsapp_webhook_url, whatsapp_webhook_token, enable_email_marketing, email_provider_config, custom_css, custom_js, max_events_per_month, max_attendees_per_event, enable_guest_registration, max_guests_per_attendee, default_event_capacity, platform_fee_percentage, email_header_image_url, email_footer_html_url, logo_image_url, created_at, updated_at) VALUES (6, 'tenant_demo_006', 6, false, false, false, false, false, true, true, NULL, NULL, NULL, NULL, NULL, NULL, NULL, NULL, NULL, NULL, NULL, NULL, NULL, false, NULL, NULL, NULL, NULL, NULL, true, 6, 120, NULL, NULL, NULL, NULL, '2025-06-22 11:31:27.571', '2025-09-11 22:08:43.52');

INSERT INTO public.tenant_settings (id, tenant_id, tenant_organization_id, allow_user_registration, show_events_section_in_home_page, show_team_members_section_in_home_page, show_sponsors_section_in_home_page, is_membership_subscription_enabled, require_admin_approval, enable_whatsapp_integration, address_line_1, address_line_2, phone_number, zip_code, country, state_province, email, whatsapp_api_key, twilio_account_sid, twilio_auth_token, twilio_whatsapp_from, whatsapp_webhook_url, whatsapp_webhook_token, enable_email_marketing, email_provider_config, custom_css, custom_js, max_events_per_month, max_attendees_per_event, enable_guest_registration, max_guests_per_attendee, default_event_capacity, platform_fee_percentage, email_header_image_url, email_footer_html_url, logo_image_url, created_at, updated_at) VALUES (2, 'tenant_demo_002', 2, true, true, true, true, true, true, true, '165 Hopkins Ave, APT #7', '', '13123430073', '07306', 'United States', 'NJ', 'giventauser@gmail.com', '', '', '', NULL, '', '', false, '{}', '', '', NULL, NULL, true, 10, 200, NULL, '', '', '', '2025-06-22 11:31:27.571', '2026-01-19 20:48:26.444938');

INSERT INTO public.tenant_email_addresses (id, tenant_id, email_address, copy_to_email_address, email_type, display_name, is_active, is_default, description, created_at, updated_at) VALUES (4001, 'tenant_demo_002', 'sales@giventa.com', 'mosc.test@keleno.com', 'INFO', NULL, true, false, NULL, '2026-01-07 03:52:11.454197', '2026-01-07 03:52:11.454197');

INSERT INTO public.tenant_email_addresses (id, tenant_id, email_address, copy_to_email_address, email_type, display_name, is_active, is_default, description, created_at, updated_at) VALUES (4002, 'tenant_demo_002', 'mosc.test@keleno.com', 'sales@giventa.com', 'INFO', NULL, true, false, NULL, '2026-01-07 03:53:11.946213', '2026-01-07 03:53:11.946213');

INSERT INTO public.user_payment_transaction (id, tenant_id, transaction_type, amount, currency, stripe_payment_intent_id, stripe_transfer_group, platform_fee_amount, tenant_amount, status, processing_fee, metadata, external_transaction_id, payment_method, failure_reason, reconciliation_date, event_id, ticket_transaction_id, created_at, updated_at) VALUES (1, 'tenant_demo_001', 'TICKET_SALE', 100.00, 'USD', NULL, NULL, 0.00, 0.00, 'COMPLETED', 0.00, NULL, NULL, 'CARD', NULL, NULL, 1, 1, '2025-06-22 11:31:27.614757', '2025-06-22 11:31:27.614757');

INSERT INTO public.user_payment_transaction (id, tenant_id, transaction_type, amount, currency, stripe_payment_intent_id, stripe_transfer_group, platform_fee_amount, tenant_amount, status, processing_fee, metadata, external_transaction_id, payment_method, failure_reason, reconciliation_date, event_id, ticket_transaction_id, created_at, updated_at) VALUES (2, 'tenant_demo_001', 'SUBSCRIPTION', 200.00, 'USD', NULL, NULL, 0.00, 0.00, 'COMPLETED', 0.00, NULL, NULL, 'CARD', NULL, NULL, 2, NULL, '2025-06-22 11:31:27.614757', '2025-06-22 11:31:27.614757');

INSERT INTO public.user_payment_transaction (id, tenant_id, transaction_type, amount, currency, stripe_payment_intent_id, stripe_transfer_group, platform_fee_amount, tenant_amount, status, processing_fee, metadata, external_transaction_id, payment_method, failure_reason, reconciliation_date, event_id, ticket_transaction_id, created_at, updated_at) VALUES (3, 'tenant_demo_001', 'COMMISSION', 50.00, 'USD', NULL, NULL, 0.00, 0.00, 'PENDING', 0.00, NULL, NULL, 'CASH', NULL, NULL, 3, 2, '2025-06-22 11:31:27.614757', '2025-06-22 11:31:27.614757');

INSERT INTO public.user_payment_transaction (id, tenant_id, transaction_type, amount, currency, stripe_payment_intent_id, stripe_transfer_group, platform_fee_amount, tenant_amount, status, processing_fee, metadata, external_transaction_id, payment_method, failure_reason, reconciliation_date, event_id, ticket_transaction_id, created_at, updated_at) VALUES (4, 'tenant_demo_001', 'REFUND', 75.00, 'USD', NULL, NULL, 0.00, 0.00, 'FAILED', 0.00, NULL, NULL, 'CARD', NULL, NULL, 4, 3, '2025-06-22 11:31:27.614757', '2025-06-22 11:31:27.614757');

INSERT INTO public.user_payment_transaction (id, tenant_id, transaction_type, amount, currency, stripe_payment_intent_id, stripe_transfer_group, platform_fee_amount, tenant_amount, status, processing_fee, metadata, external_transaction_id, payment_method, failure_reason, reconciliation_date, event_id, ticket_transaction_id, created_at, updated_at) VALUES (5, 'tenant_demo_001', 'TICKET_SALE', 120.00, 'USD', NULL, NULL, 0.00, 0.00, 'COMPLETED', 0.00, NULL, NULL, 'CARD', NULL, NULL, 5, 4, '2025-06-22 11:31:27.614757', '2025-06-22 11:31:27.614757');

INSERT INTO public.user_payment_transaction (id, tenant_id, transaction_type, amount, currency, stripe_payment_intent_id, stripe_transfer_group, platform_fee_amount, tenant_amount, status, processing_fee, metadata, external_transaction_id, payment_method, failure_reason, reconciliation_date, event_id, ticket_transaction_id, created_at, updated_at) VALUES (6, 'tenant_demo_001', 'SUBSCRIPTION', 60.00, 'USD', NULL, NULL, 0.00, 0.00, 'REFUNDED', 0.00, NULL, NULL, 'CASH', NULL, NULL, 6, NULL, '2025-06-22 11:31:27.614757', '2025-06-22 11:31:27.614757');

INSERT INTO public.user_payment_transaction (id, tenant_id, transaction_type, amount, currency, stripe_payment_intent_id, stripe_transfer_group, platform_fee_amount, tenant_amount, status, processing_fee, metadata, external_transaction_id, payment_method, failure_reason, reconciliation_date, event_id, ticket_transaction_id, created_at, updated_at) VALUES (4351, 'tenant_demo_002', 'TICKET_SALE', 20.00, 'USD', NULL, NULL, NULL, NULL, 'PENDING', NULL, '{"externalTransactionId":"pi_3STD6GK5BrggeAHM08f9v2YJ","stripePaymentIntentId":"pi_3STD6GK5BrggeAHM08f9v2YJ"}', 'pi_3STD6GK5BrggeAHM08f9v2YJ', NULL, NULL, NULL, NULL, NULL, '2025-11-14 02:50:59.298721', '2025-11-14 02:50:59.298721');

INSERT INTO public.user_payment_transaction (id, tenant_id, transaction_type, amount, currency, stripe_payment_intent_id, stripe_transfer_group, platform_fee_amount, tenant_amount, status, processing_fee, metadata, external_transaction_id, payment_method, failure_reason, reconciliation_date, event_id, ticket_transaction_id, created_at, updated_at) VALUES (7253, 'tenant_demo_002', 'TICKET_SALE', 0.70, 'USD', 'pi_3SWNU0K5BrggeAHM1VArVY0L', NULL, NULL, NULL, 'PENDING', NULL, '{"provider":"STRIPE","customerEmail":"giventauser@gmail.com","externalTransactionId":"pi_3SWNU0K5BrggeAHM1VArVY0L","email":"giventauser@gmail.com","customerName":"Gain Joseph","stripePaymentIntentId":"pi_3SWNU0K5BrggeAHM1VArVY0L"}', 'pi_3SWNU0K5BrggeAHM1VArVY0L', NULL, NULL, NULL, 2, NULL, '2025-11-22 20:32:36.739296', '2025-11-22 20:32:36.739296');

INSERT INTO public.user_payment_transaction (id, tenant_id, transaction_type, amount, currency, stripe_payment_intent_id, stripe_transfer_group, platform_fee_amount, tenant_amount, status, processing_fee, metadata, external_transaction_id, payment_method, failure_reason, reconciliation_date, event_id, ticket_transaction_id, created_at, updated_at) VALUES (7252, 'tenant_demo_002', 'TICKET_SALE', 0.70, 'USD', 'pi_3SWNU0K5BrggeAHM1N5flp0m', NULL, NULL, NULL, 'PENDING', NULL, '{"provider":"STRIPE","customerEmail":"giventauser@gmail.com","externalTransactionId":"pi_3SWNU0K5BrggeAHM1N5flp0m","email":"giventauser@gmail.com","customerName":"Gain","stripePaymentIntentId":"pi_3SWNU0K5BrggeAHM1N5flp0m"}', 'pi_3SWNU0K5BrggeAHM1N5flp0m', NULL, NULL, NULL, 2, NULL, '2025-11-22 20:32:36.739296', '2025-11-22 20:32:36.739296');

INSERT INTO public.user_payment_transaction (id, tenant_id, transaction_type, amount, currency, stripe_payment_intent_id, stripe_transfer_group, platform_fee_amount, tenant_amount, status, processing_fee, metadata, external_transaction_id, payment_method, failure_reason, reconciliation_date, event_id, ticket_transaction_id, created_at, updated_at) VALUES (7251, 'tenant_demo_002', 'TICKET_SALE', 0.70, 'USD', 'pi_3SWNU0K5BrggeAHM0xcWF7ap', NULL, NULL, NULL, 'PENDING', NULL, '{"provider":"STRIPE","customerEmail":"giventauser@gmail.com","externalTransactionId":"pi_3SWNU0K5BrggeAHM0xcWF7ap","email":"giventauser@gmail.com","customerName":"Gain Joseph","stripePaymentIntentId":"pi_3SWNU0K5BrggeAHM0xcWF7ap"}', 'pi_3SWNU0K5BrggeAHM0xcWF7ap', NULL, NULL, NULL, 2, NULL, '2025-11-22 20:32:36.739296', '2025-11-22 20:32:36.739296');

INSERT INTO public.user_payment_transaction (id, tenant_id, transaction_type, amount, currency, stripe_payment_intent_id, stripe_transfer_group, platform_fee_amount, tenant_amount, status, processing_fee, metadata, external_transaction_id, payment_method, failure_reason, reconciliation_date, event_id, ticket_transaction_id, created_at, updated_at) VALUES (7254, 'tenant_demo_002', 'TICKET_SALE', 0.70, 'USD', 'pi_3SWNl3K5BrggeAHM1buNcMu4', NULL, NULL, NULL, 'PENDING', NULL, '{"provider":"STRIPE","customerEmail":"giventauser@gmail.com","externalTransactionId":"pi_3SWNl3K5BrggeAHM1buNcMu4","email":"giventauser@gmail.com","customerName":"Gain Joseph","stripePaymentIntentId":"pi_3SWNl3K5BrggeAHM1buNcMu4"}', 'pi_3SWNl3K5BrggeAHM1buNcMu4', NULL, NULL, NULL, 2, NULL, '2025-11-22 20:50:13.216592', '2025-11-22 20:50:13.216592');

INSERT INTO public.user_payment_transaction (id, tenant_id, transaction_type, amount, currency, stripe_payment_intent_id, stripe_transfer_group, platform_fee_amount, tenant_amount, status, processing_fee, metadata, external_transaction_id, payment_method, failure_reason, reconciliation_date, event_id, ticket_transaction_id, created_at, updated_at) VALUES (7255, 'tenant_demo_002', 'TICKET_SALE', 0.70, 'USD', 'pi_3SWNl3K5BrggeAHM00c7JUnS', NULL, NULL, NULL, 'PENDING', NULL, '{"provider":"STRIPE","customerEmail":"giventauser@gmail.com","externalTransactionId":"pi_3SWNl3K5BrggeAHM00c7JUnS","email":"giventauser@gmail.com","customerName":"Gain","stripePaymentIntentId":"pi_3SWNl3K5BrggeAHM00c7JUnS"}', 'pi_3SWNl3K5BrggeAHM00c7JUnS', NULL, NULL, NULL, 2, NULL, '2025-11-22 20:50:13.244389', '2025-11-22 20:50:13.244389');

INSERT INTO public.user_payment_transaction (id, tenant_id, transaction_type, amount, currency, stripe_payment_intent_id, stripe_transfer_group, platform_fee_amount, tenant_amount, status, processing_fee, metadata, external_transaction_id, payment_method, failure_reason, reconciliation_date, event_id, ticket_transaction_id, created_at, updated_at) VALUES (7256, 'tenant_demo_002', 'TICKET_SALE', 0.70, 'USD', 'pi_3SWNl3K5BrggeAHM095xo7At', NULL, NULL, NULL, 'PENDING', NULL, '{"provider":"STRIPE","customerEmail":"giventauser@gmail.com","externalTransactionId":"pi_3SWNl3K5BrggeAHM095xo7At","email":"giventauser@gmail.com","customerName":"Gain Joseph","stripePaymentIntentId":"pi_3SWNl3K5BrggeAHM095xo7At"}', 'pi_3SWNl3K5BrggeAHM095xo7At', NULL, NULL, NULL, 2, NULL, '2025-11-22 20:50:13.29503', '2025-11-22 20:50:13.29503');

INSERT INTO public.user_payment_transaction (id, tenant_id, transaction_type, amount, currency, stripe_payment_intent_id, stripe_transfer_group, platform_fee_amount, tenant_amount, status, processing_fee, metadata, external_transaction_id, payment_method, failure_reason, reconciliation_date, event_id, ticket_transaction_id, created_at, updated_at) VALUES (7257, 'tenant_demo_002', 'TICKET_SALE', 1.30, 'USD', 'pi_3SWNwaK5BrggeAHM1m9puEeQ', NULL, NULL, NULL, 'PENDING', NULL, '{"provider":"STRIPE","customerEmail":"giventauser@gmail.com","externalTransactionId":"pi_3SWNwaK5BrggeAHM1m9puEeQ","email":"giventauser@gmail.com","customerName":"Gain","stripePaymentIntentId":"pi_3SWNwaK5BrggeAHM1m9puEeQ"}', 'pi_3SWNwaK5BrggeAHM1m9puEeQ', NULL, NULL, NULL, 2, NULL, '2025-11-22 21:02:08.489076', '2025-11-22 21:02:08.489076');

INSERT INTO public.user_payment_transaction (id, tenant_id, transaction_type, amount, currency, stripe_payment_intent_id, stripe_transfer_group, platform_fee_amount, tenant_amount, status, processing_fee, metadata, external_transaction_id, payment_method, failure_reason, reconciliation_date, event_id, ticket_transaction_id, created_at, updated_at) VALUES (7258, 'tenant_demo_002', 'TICKET_SALE', 1.30, 'USD', 'pi_3SWNwaK5BrggeAHM14SfE8mi', NULL, NULL, NULL, 'PENDING', NULL, '{"provider":"STRIPE","customerEmail":"giventauser@gmail.com","externalTransactionId":"pi_3SWNwaK5BrggeAHM14SfE8mi","email":"giventauser@gmail.com","customerName":"Gain Joseph","stripePaymentIntentId":"pi_3SWNwaK5BrggeAHM14SfE8mi"}', 'pi_3SWNwaK5BrggeAHM14SfE8mi', NULL, NULL, NULL, 2, NULL, '2025-11-22 21:02:08.518562', '2025-11-22 21:02:08.518562');

INSERT INTO public.user_payment_transaction (id, tenant_id, transaction_type, amount, currency, stripe_payment_intent_id, stripe_transfer_group, platform_fee_amount, tenant_amount, status, processing_fee, metadata, external_transaction_id, payment_method, failure_reason, reconciliation_date, event_id, ticket_transaction_id, created_at, updated_at) VALUES (7259, 'tenant_demo_002', 'TICKET_SALE', 1.30, 'USD', 'pi_3SWNwaK5BrggeAHM1sFs2Y00', NULL, NULL, NULL, 'PENDING', NULL, '{"provider":"STRIPE","customerEmail":"giventauser@gmail.com","externalTransactionId":"pi_3SWNwaK5BrggeAHM1sFs2Y00","email":"giventauser@gmail.com","customerName":"Gain Joseph","stripePaymentIntentId":"pi_3SWNwaK5BrggeAHM1sFs2Y00"}', 'pi_3SWNwaK5BrggeAHM1sFs2Y00', NULL, NULL, NULL, 2, NULL, '2025-11-22 21:02:08.522524', '2025-11-22 21:02:08.522524');

INSERT INTO public.user_payment_transaction (id, tenant_id, transaction_type, amount, currency, stripe_payment_intent_id, stripe_transfer_group, platform_fee_amount, tenant_amount, status, processing_fee, metadata, external_transaction_id, payment_method, failure_reason, reconciliation_date, event_id, ticket_transaction_id, created_at, updated_at) VALUES (4201, 'tenant_demo_002', 'TICKET_SALE', 0.70, 'USD', 'pi_3SaT53K5BrggeAHM01w6W6nT', NULL, NULL, NULL, 'PENDING', NULL, '{"provider":"STRIPE","customerEmail":"giventauser@gmail.com","externalTransactionId":"pi_3SaT53K5BrggeAHM01w6W6nT","email":"giventauser@gmail.com","customerName":"Gain Joseph","stripePaymentIntentId":"pi_3SaT53K5BrggeAHM01w6W6nT"}', 'pi_3SaT53K5BrggeAHM01w6W6nT', NULL, NULL, NULL, 2, NULL, '2025-12-04 03:19:45.895587', '2025-12-04 03:19:45.895587');

INSERT INTO public.user_payment_transaction (id, tenant_id, transaction_type, amount, currency, stripe_payment_intent_id, stripe_transfer_group, platform_fee_amount, tenant_amount, status, processing_fee, metadata, external_transaction_id, payment_method, failure_reason, reconciliation_date, event_id, ticket_transaction_id, created_at, updated_at) VALUES (4202, 'tenant_demo_002', 'TICKET_SALE', 0.70, 'USD', 'pi_3SaTBRK5BrggeAHM0jsC3I7T', NULL, NULL, NULL, 'PENDING', NULL, '{"provider":"STRIPE","customerEmail":"giventauser@gmail.com","externalTransactionId":"pi_3SaTBRK5BrggeAHM0jsC3I7T","email":"giventauser@gmail.com","customerName":"Gain Joseph","stripePaymentIntentId":"pi_3SaTBRK5BrggeAHM0jsC3I7T"}', 'pi_3SaTBRK5BrggeAHM0jsC3I7T', NULL, NULL, NULL, 2, NULL, '2025-12-04 03:26:21.739917', '2025-12-04 03:26:21.739917');

INSERT INTO public.user_payment_transaction (id, tenant_id, transaction_type, amount, currency, stripe_payment_intent_id, stripe_transfer_group, platform_fee_amount, tenant_amount, status, processing_fee, metadata, external_transaction_id, payment_method, failure_reason, reconciliation_date, event_id, ticket_transaction_id, created_at, updated_at) VALUES (7401, 'tenant_demo_002', 'TICKET_SALE', 0.70, 'USD', 'pi_3SrBh0K5BrggeAHM1bjWoKR5', NULL, NULL, NULL, 'PENDING', NULL, '{"provider":"STRIPE","customerEmail":"giventauser@gmail.com","externalTransactionId":"pi_3SrBh0K5BrggeAHM1bjWoKR5","email":"giventauser@gmail.com","customerName":"Gain Joseph","stripePaymentIntentId":"pi_3SrBh0K5BrggeAHM1bjWoKR5"}', 'pi_3SrBh0K5BrggeAHM1bjWoKR5', NULL, NULL, NULL, 4201, NULL, '2026-01-19 06:12:02.076253', '2026-01-19 06:12:02.076253');

INSERT INTO public.user_subscription (id, tenant_id, stripe_customer_id, stripe_subscription_id, stripe_price_id, stripe_current_period_end, status, trial_ends_at, cancel_at_period_end, user_profile_id, created_at, updated_at) VALUES (1, 'tenant_demo_001', 'cus_001', 'sub_001', 'price_001', '2025-07-22 11:31:27.659946', 'ACTIVE', '2025-06-29 11:31:27.659946', false, 1, '2025-06-22 11:31:27.659946', '2025-06-22 11:31:27.659946');

INSERT INTO public.user_subscription (id, tenant_id, stripe_customer_id, stripe_subscription_id, stripe_price_id, stripe_current_period_end, status, trial_ends_at, cancel_at_period_end, user_profile_id, created_at, updated_at) VALUES (2, 'tenant_demo_001', 'cus_002', 'sub_002', 'price_002', '2025-07-22 11:31:27.659946', 'TRIAL', '2025-07-06 11:31:27.659946', false, 2, '2025-06-22 11:31:27.659946', '2025-06-22 11:31:27.659946');

INSERT INTO public.user_subscription (id, tenant_id, stripe_customer_id, stripe_subscription_id, stripe_price_id, stripe_current_period_end, status, trial_ends_at, cancel_at_period_end, user_profile_id, created_at, updated_at) VALUES (3, 'tenant_demo_001', 'cus_003', 'sub_003', 'price_003', '2025-07-22 11:31:27.659946', 'CANCELLED', '2025-06-29 11:31:27.659946', true, 3, '2025-06-22 11:31:27.659946', '2025-06-22 11:31:27.659946');

INSERT INTO public.user_subscription (id, tenant_id, stripe_customer_id, stripe_subscription_id, stripe_price_id, stripe_current_period_end, status, trial_ends_at, cancel_at_period_end, user_profile_id, created_at, updated_at) VALUES (4, 'tenant_demo_001', 'cus_004', 'sub_004', 'price_004', '2025-07-22 11:31:27.659946', 'EXPIRED', '2025-06-29 11:31:27.659946', false, 4, '2025-06-22 11:31:27.659946', '2025-06-22 11:31:27.659946');

INSERT INTO public.user_subscription (id, tenant_id, stripe_customer_id, stripe_subscription_id, stripe_price_id, stripe_current_period_end, status, trial_ends_at, cancel_at_period_end, user_profile_id, created_at, updated_at) VALUES (5, 'tenant_demo_001', 'cus_005', 'sub_005', 'price_005', '2025-07-22 11:31:27.659946', 'SUSPENDED', '2025-06-29 11:31:27.659946', false, 5, '2025-06-22 11:31:27.659946', '2025-06-22 11:31:27.659946');

INSERT INTO public.user_subscription (id, tenant_id, stripe_customer_id, stripe_subscription_id, stripe_price_id, stripe_current_period_end, status, trial_ends_at, cancel_at_period_end, user_profile_id, created_at, updated_at) VALUES (6, 'tenant_demo_001', 'cus_006', 'sub_006', 'price_006', '2025-07-22 11:31:27.659946', 'ACTIVE', '2025-06-29 11:31:27.659946', false, 6, '2025-06-22 11:31:27.659946', '2025-06-22 11:31:27.659946');

INSERT INTO public.user_task (id, tenant_id, title, description, status, priority, due_date, completed, completion_date, estimated_hours, actual_hours, progress_percentage, event_id, assignee_name, assignee_contact_phone, assignee_contact_email, created_at, updated_at, user_id) VALUES (1, 'tenant_demo_001', 'Setup Venue', 'Setup the venue for Spring Gala', 'PENDING', 'HIGH', '2025-06-24 11:31:27.727601', false, NULL, 5.00, NULL, 0, 1, 'Alice', '555-1001', 'alice.johnson@example.com', '2025-06-22 11:31:27.727601', '2025-06-22 11:31:27.727601', 1);

INSERT INTO public.user_task (id, tenant_id, title, description, status, priority, due_date, completed, completion_date, estimated_hours, actual_hours, progress_percentage, event_id, assignee_name, assignee_contact_phone, assignee_contact_email, created_at, updated_at, user_id) VALUES (2, 'tenant_demo_001', 'Arrange Catering', 'Arrange food for Tech Conference', 'PENDING', 'MEDIUM', '2025-06-25 11:31:27.727601', false, NULL, 3.00, NULL, 0, 2, 'Bob', '555-1002', 'bob.smith@example.com', '2025-06-22 11:31:27.727601', '2025-06-22 11:31:27.727601', 2);

INSERT INTO public.user_task (id, tenant_id, title, description, status, priority, due_date, completed, completion_date, estimated_hours, actual_hours, progress_percentage, event_id, assignee_name, assignee_contact_phone, assignee_contact_email, created_at, updated_at, user_id) VALUES (3, 'tenant_demo_001', 'Distribute Flyers', 'Distribute flyers for Charity Run', 'COMPLETED', 'LOW', '2025-06-21 11:31:27.727601', true, '2025-06-22 11:31:27.727601', 2.00, 2.00, 100, 3, 'Carol', '555-1003', 'carol.williams@example.com', '2025-06-22 11:31:27.727601', '2025-06-22 11:31:27.727601', 3);

INSERT INTO public.user_task (id, tenant_id, title, description, status, priority, due_date, completed, completion_date, estimated_hours, actual_hours, progress_percentage, event_id, assignee_name, assignee_contact_phone, assignee_contact_email, created_at, updated_at, user_id) VALUES (4, 'tenant_demo_001', 'Book Park', 'Book park for Family Picnic', 'PENDING', 'HIGH', '2025-06-27 11:31:27.727601', false, NULL, 1.00, NULL, 0, 4, 'David', '555-1004', 'david.brown@example.com', '2025-06-22 11:31:27.727601', '2025-06-22 11:31:27.727601', 4);

INSERT INTO public.user_task (id, tenant_id, title, description, status, priority, due_date, completed, completion_date, estimated_hours, actual_hours, progress_percentage, event_id, assignee_name, assignee_contact_phone, assignee_contact_email, created_at, updated_at, user_id) VALUES (5, 'tenant_demo_001', 'Send Invites', 'Send invitations for VIP Dinner', 'PENDING', 'MEDIUM', '2025-06-23 11:31:27.727601', false, NULL, 1.50, NULL, 0, 5, 'Eve', '555-1005', 'eve.davis@example.com', '2025-06-22 11:31:27.727601', '2025-06-22 11:31:27.727601', 5);

INSERT INTO public.user_task (id, tenant_id, title, description, status, priority, due_date, completed, completion_date, estimated_hours, actual_hours, progress_percentage, event_id, assignee_name, assignee_contact_phone, assignee_contact_email, created_at, updated_at, user_id) VALUES (6, 'tenant_demo_001', 'Setup Stage', 'Setup stage for Summer Fest', 'PENDING', 'HIGH', '2025-06-26 11:31:27.727601', false, NULL, 4.00, NULL, 0, 6, 'Frank', '555-1006', 'frank.miller@example.com', '2025-06-22 11:31:27.727601', '2025-06-22 11:31:27.727601', 6);

INSERT INTO public.event_contacts (id, tenant_id, event_id, name, phone, email, created_at, updated_at) VALUES (4, 'tenant_demo_002', 2, 'David Kimm', '+1-555-0104', 'david.kim@example.com', '2025-01-10 10:00:00', '2026-01-12 11:54:14.821461');

INSERT INTO public.event_contacts (id, tenant_id, event_id, name, phone, email, created_at, updated_at) VALUES (5101, 'tenant_demo_002', NULL, 'Test1', '3123430073', 'giventauser@gmail.com', '2026-01-12 11:54:57.383755', '2026-01-12 11:57:04.305781');

INSERT INTO public.event_contacts (id, tenant_id, event_id, name, phone, email, created_at, updated_at) VALUES (5251, 'tenant_demo_002', NULL, 'David John', '3726489262', NULL, '2026-01-13 11:43:33.904064', '2026-01-13 11:43:39.759135');

INSERT INTO public.event_contacts (id, tenant_id, event_id, name, phone, email, created_at, updated_at) VALUES (1, 'tenant_demo_002', 7051, 'Sarah Johnson', '+1-555-0101', 'sarah.johnson@example.com', '2025-01-10 10:00:00', '2026-01-14 08:21:06.488182');

INSERT INTO public.event_contacts (id, tenant_id, event_id, name, phone, email, created_at, updated_at) VALUES (5102, 'tenant_demo_002', 7051, 'Testt', '2324564321', 'test@example.com', '2026-01-12 11:56:48.014063', '2026-01-14 08:21:07.237213');

INSERT INTO public.event_contacts (id, tenant_id, event_id, name, phone, email, created_at, updated_at) VALUES (4501, 'tenant_demo_002', 4201, 'David John', '3726489262', NULL, '2026-01-14 17:38:00.401513', '2026-01-14 17:38:00.401513');

INSERT INTO public.event_emails (id, tenant_id, event_id, email, created_at, updated_at) VALUES (4, 'tenant_demo_001', 2, 'contact@culturalnight.com', '2025-01-10 10:00:00', '2025-01-10 10:00:00');

INSERT INTO public.event_emails (id, tenant_id, event_id, email, created_at, updated_at) VALUES (5, 'tenant_demo_001', 2, 'media@culturalnight.com', '2025-01-10 10:00:00', '2025-01-10 10:00:00');

INSERT INTO public.event_emails (id, tenant_id, event_id, email, created_at, updated_at) VALUES (6, 'tenant_demo_001', 3, 'admin@musicconcert.com', '2025-01-10 10:00:00', '2025-01-10 10:00:00');

INSERT INTO public.event_emails (id, tenant_id, event_id, email, created_at, updated_at) VALUES (1, 'tenant_demo_001', 2, 'info@malayaleesfestival.com', '2025-01-10 10:00:00', '2026-01-12 12:17:13.405009');

INSERT INTO public.event_emails (id, tenant_id, event_id, email, created_at, updated_at) VALUES (2, 'tenant_demo_001', 6852, 'tickets@malayaleesfestival.com', '2025-01-10 10:00:00', '2026-01-14 08:16:14.999866');

INSERT INTO public.event_emails (id, tenant_id, event_id, email, created_at, updated_at) VALUES (3, 'tenant_demo_001', 4201, 'sponsorship@malayaleesfestival.com', '2025-01-10 10:00:00', '2026-01-14 17:39:12.628876');

INSERT INTO public.event_featured_performers (id, tenant_id, event_id, name, stage_name, role, bio, nationality, date_of_birth, email, phone, website_url, portrait_image_url, performance_image_url, gallery_image_urls, performance_duration_minutes, performance_order, is_headliner, facebook_url, twitter_url, instagram_url, youtube_url, linkedin_url, tiktok_url, is_active, priority_ranking, created_at, updated_at) VALUES (1, 'tenant_demo_002', 2, 'K.J. Yesudas', 'Yesudas', 'Vocalist', 'Renowned Malayalam classical singer with over 50 years of experience in the music industry. Known for his melodious voice and classical renditions.', 'Indian', '1940-01-10', 'yesudas@example.com', '+91-9847012345', 'https://yesudas.com', 'https://s3.amazonaws.com/bucket/performers/1/portrait/yesudas_portrait.jpg', 'https://s3.amazonaws.com/bucket/performers/1/performance/yesudas_performance.jpg', '["https://s3.amazonaws.com/bucket/performers/1/gallery/img1.jpg", "https://s3.amazonaws.com/bucket/performers/1/gallery/img2.jpg"]', 45, 1, true, 'https://facebook.com/yesudas', 'https://twitter.com/yesudas', 'https://instagram.com/yesudas', 'https://youtube.com/yesudas', 'https://linkedin.com/in/yesudas', 'https://tiktok.com/@yesudas', true, 100, '2025-01-10 10:00:00', '2026-01-13 11:38:43.027916');

INSERT INTO public.event_featured_performers (id, tenant_id, event_id, name, stage_name, role, bio, nationality, date_of_birth, email, phone, website_url, portrait_image_url, performance_image_url, gallery_image_urls, performance_duration_minutes, performance_order, is_headliner, facebook_url, twitter_url, instagram_url, youtube_url, linkedin_url, tiktok_url, is_active, priority_ranking, created_at, updated_at) VALUES (3, 'tenant_demo_002', NULL, 'Zakir Hussain', 'Zakir Hussain', 'Percussionist', 'World-renowned tabla player and percussionist with international acclaim.', 'Indian', '1951-03-09', 'zakir@example.com', '+91-9847012347', 'https://zakirhussain.com', 'https://s3.amazonaws.com/bucket/performers/3/portrait/zakir_portrait.jpg', 'https://s3.amazonaws.com/bucket/performers/3/performance/zakir_performance.jpg', '["https://s3.amazonaws.com/bucket/performers/3/gallery/img1.jpg", "https://s3.amazonaws.com/bucket/performers/3/gallery/img2.jpg", "https://s3.amazonaws.com/bucket/performers/3/gallery/img3.jpg"]', 30, 3, false, 'https://facebook.com/zakirhussain', 'https://twitter.com/zakirhussain', 'https://instagram.com/zakirhussain', 'https://youtube.com/zakirhussain', 'https://linkedin.com/in/zakirhussain', NULL, true, 80, '2025-01-10 10:00:00', '2026-01-13 11:39:28.419556');

INSERT INTO public.event_featured_performers (id, tenant_id, event_id, name, stage_name, role, bio, nationality, date_of_birth, email, phone, website_url, portrait_image_url, performance_image_url, gallery_image_urls, performance_duration_minutes, performance_order, is_headliner, facebook_url, twitter_url, instagram_url, youtube_url, linkedin_url, tiktok_url, is_active, priority_ranking, created_at, updated_at) VALUES (4455, 'tenant_demo_002', 4201, 'Dhanya ', '', '', 'cvcvccvc', NULL, NULL, NULL, NULL, NULL, NULL, NULL, NULL, 1, 0, false, NULL, NULL, NULL, NULL, NULL, NULL, true, 0, '2026-01-14 17:37:33.754515', '2026-01-14 17:37:33.754515');

INSERT INTO public.event_featured_performers (id, tenant_id, event_id, name, stage_name, role, bio, nationality, date_of_birth, email, phone, website_url, portrait_image_url, performance_image_url, gallery_image_urls, performance_duration_minutes, performance_order, is_headliner, facebook_url, twitter_url, instagram_url, youtube_url, linkedin_url, tiktok_url, is_active, priority_ranking, created_at, updated_at) VALUES (2, 'tenant_demo_002', 4201, 'Kalamandalam Gopi', 'Gopi Asan', 'Kathakali Performer', 'Legendary Kathakali artist known for his exceptional performances and traditional Kerala dance form mastery.', 'Indian', '1937-05-15', 'gopi@example.com', '+91-9847012346', 'https://gopiasan.com', 'https://s3.amazonaws.com/bucket/performers/2/portrait/gopi_portrait.jpg', 'https://s3.amazonaws.com/bucket/performers/2/performance/gopi_performance.jpg', '["https://s3.amazonaws.com/bucket/performers/2/gallery/img1.jpg"]', 60, 2, false, 'https://facebook.com/gopiasan', NULL, 'https://instagram.com/gopiasan', 'https://youtube.com/gopiasan', NULL, NULL, true, 90, '2025-01-10 10:00:00', '2026-01-14 17:37:47.44856');

INSERT INTO public.event_program_directors (id, tenant_id, event_id, name, photo_url, bio, created_at, updated_at) VALUES (1, 'tenant_demo_001', 2, 'Dr. Rajesh Kumar', 'https://s3.amazonaws.com/bucket/directors/1/photo/rajesh_photo.jpg', 'Dr. Rajesh Kumar is a distinguished cultural director with over 25 years of experience in organizing large-scale cultural events. He has been instrumental in promoting Malayalam arts and culture across the globe.', '2025-01-10 10:00:00', '2026-01-12 13:52:29.926649');

INSERT INTO public.event_program_directors (id, tenant_id, event_id, name, photo_url, bio, created_at, updated_at) VALUES (3, 'tenant_demo_002', NULL, 'Mr. Suresh Nair', 'https://s3.amazonaws.com/bucket/directors/3/photo/suresh_photo.jpg', 'Mr. Suresh Nair brings extensive experience in cultural event management and has been associated with several prestigious cultural organizations. His expertise lies in coordinating diverse artistic performances and managing large audiences.', '2025-01-10 10:00:00', '2026-01-13 12:10:07.191619');

INSERT INTO public.event_program_directors (id, tenant_id, event_id, name, photo_url, bio, created_at, updated_at) VALUES (4, 'tenant_demo_002', 4201, 'Dr. Anitha Pillai', 'https://s3.amazonaws.com/bucket/directors/4/photo/anitha_photo.jpg', 'Dr. Anitha Pillai is a renowned music director and cultural consultant with deep knowledge of classical and contemporary music. She has curated numerous musical events and has been recognized for her contributions to promoting Indian classical music.', '2025-01-10 10:00:00', '2026-01-14 17:39:30.79725');

INSERT INTO public.event_sponsors (id, tenant_id, event_id, name, type, company_name, tagline, description, website_url, contact_email, contact_phone, logo_url, hero_image_url, banner_image_url, is_active, priority_ranking, facebook_url, twitter_url, linkedin_url, instagram_url, created_at, updated_at) VALUES (1, 'tenant_demo_001', NULL, 'Kerala Tourism Development Corporation', 'Title Sponsor', 'KTDC', 'Explore Gods Own Country', 'Official tourism partner promoting Keralass rich cultural heritage and natural beauty.', 'https://www.ktdc.com', 'contact@ktdc.com', '+91-471-2321132', 'https://s3.amazonaws.com/bucket/sponsors/1/logo/ktdc_logo.png', 'https://s3.amazonaws.com/bucket/sponsors/1/hero/ktdc_hero.jpg', 'https://s3.amazonaws.com/bucket/sponsors/1/banner/ktdc_banner.jpg', true, 100, 'https://facebook.com/keralatourism', 'https://twitter.com/keralatourism', 'https://linkedin.com/company/kerala-tourism', 'https://instagram.com/keralatourism', '2025-01-10 10:00:00', '2025-01-10 10:00:00');

INSERT INTO public.event_sponsors (id, tenant_id, event_id, name, type, company_name, tagline, description, website_url, contact_email, contact_phone, logo_url, hero_image_url, banner_image_url, is_active, priority_ranking, facebook_url, twitter_url, linkedin_url, instagram_url, created_at, updated_at) VALUES (2, 'tenant_demo_001', NULL, 'Tata Consultancy Services', 'Platinum Sponsor', 'TCS', 'Building on Belief', 'Leading IT services and consulting company supporting cultural events and community development.', 'https://www.tcs.com', 'sponsorship@tcs.com', '+91-22-67789999', 'https://s3.amazonaws.com/bucket/sponsors/2/logo/tcs_logo.png', 'https://s3.amazonaws.com/bucket/sponsors/2/hero/tcs_hero.jpg', 'https://s3.amazonaws.com/bucket/sponsors/2/banner/tcs_banner.jpg', true, 90, 'https://facebook.com/tcs', 'https://twitter.com/tcs', 'https://linkedin.com/company/tcs', 'https://instagram.com/tcs', '2025-01-10 10:00:00', '2025-01-10 10:00:00');

INSERT INTO public.event_sponsors (id, tenant_id, event_id, name, type, company_name, tagline, description, website_url, contact_email, contact_phone, logo_url, hero_image_url, banner_image_url, is_active, priority_ranking, facebook_url, twitter_url, linkedin_url, instagram_url, created_at, updated_at) VALUES (3, 'tenant_demo_001', NULL, 'Federal Bank', 'Gold Sponsor', 'Federal Bank', 'Your Perfect Banking Partner', 'Premier private sector bank committed to supporting cultural and community events.', 'https://www.federalbank.co.in', 'events@federalbank.co.in', '+91-484-2630606', 'https://s3.amazonaws.com/bucket/sponsors/3/logo/federal_logo.png', 'https://s3.amazonaws.com/bucket/sponsors/3/hero/federal_hero.jpg', 'https://s3.amazonaws.com/bucket/sponsors/3/banner/federal_banner.jpg', true, 80, 'https://facebook.com/federalbank', 'https://twitter.com/federalbank', 'https://linkedin.com/company/federal-bank', 'https://instagram.com/federalbank', '2025-01-10 10:00:00', '2025-01-10 10:00:00');

INSERT INTO public.event_sponsors (id, tenant_id, event_id, name, type, company_name, tagline, description, website_url, contact_email, contact_phone, logo_url, hero_image_url, banner_image_url, is_active, priority_ranking, facebook_url, twitter_url, linkedin_url, instagram_url, created_at, updated_at) VALUES (5, 'tenant_demo_002', NULL, 'Malayalam Manorama', 'Media Partner', 'Manorama', 'Truth Above All', 'Leading Malayalam newspaper and media group promoting cultural events and community engagement.', 'https://www.manoramaonline.com', 'events@manoramaonline.com', '+91-471-2518000', 'https://s3.amazonaws.com/bucket/sponsors/5/logo/manorama_logo.png', 'https://s3.amazonaws.com/bucket/sponsors/5/hero/manorama_hero.jpg', 'https://eventapp-media-bucket.s3.us-east-2.amazonaws.com/dev/media/tenantId/tenant_demo_002/sponsor/sponsor_id/5/sponsor_banner_1763068307886_8234bcce.jpeg', true, 60, 'https://facebook.com/manoramaonline', 'https://twitter.com/manoramaonline', 'https://linkedin.com/company/manorama', 'https://instagram.com/manoramaonline', '2025-01-10 10:00:00', '2025-11-13 21:11:49.66901');

INSERT INTO public.event_sponsors (id, tenant_id, event_id, name, type, company_name, tagline, description, website_url, contact_email, contact_phone, logo_url, hero_image_url, banner_image_url, is_active, priority_ranking, facebook_url, twitter_url, linkedin_url, instagram_url, created_at, updated_at) VALUES (4, 'tenant_demo_002', NULL, 'Kerala State Beverages Corporation', 'Gold', 'KSBC', 'Quality in Every Drop', 'Government corporation supporting cultural events and promoting responsible consumption.', 'https://www.ksbc.kerala.gov.in', 'info@ksbc.kerala.gov.in', '+91-471-2321234', 'https://s3.amazonaws.com/bucket/sponsors/4/logo/ksbc_logo.png', 'https://s3.amazonaws.com/bucket/sponsors/4/hero/ksbc_hero.jpg', 'https://eventapp-media-bucket.s3.us-east-2.amazonaws.com/dev/media/tenantId/tenant_demo_002/sponsor/sponsor_id/4/sponsor_banner_1763068337152_1fe871ac.png', true, 70, 'https://facebook.com/ksbc', NULL, 'https://linkedin.com/company/ksbc', 'https://instagram.com/ksbc', '2025-01-10 10:00:00', '2025-01-10 10:00:00');

INSERT INTO public.event_sponsors (id, tenant_id, event_id, name, type, company_name, tagline, description, website_url, contact_email, contact_phone, logo_url, hero_image_url, banner_image_url, is_active, priority_ranking, facebook_url, twitter_url, linkedin_url, instagram_url, created_at, updated_at) VALUES (4551, 'tenant_demo_002', NULL, 'Joseph', 'Gold', NULL, NULL, NULL, NULL, NULL, NULL, NULL, NULL, NULL, true, 1, NULL, NULL, NULL, NULL, '2026-01-14 17:38:32.106254', '2026-01-14 17:38:32.106254');

INSERT INTO public.event_sponsors_join (id, tenant_id, event_id, sponsor_id, custom_poster_url, created_at) VALUES (1, 'tenant_demo_001', 1, 1, NULL, '2025-01-10 10:00:00');

INSERT INTO public.event_sponsors_join (id, tenant_id, event_id, sponsor_id, custom_poster_url, created_at) VALUES (2, 'tenant_demo_001', 1, 2, NULL, '2025-01-10 10:00:00');

INSERT INTO public.event_sponsors_join (id, tenant_id, event_id, sponsor_id, custom_poster_url, created_at) VALUES (3, 'tenant_demo_001', 1, 3, NULL, '2025-01-10 10:00:00');

INSERT INTO public.event_sponsors_join (id, tenant_id, event_id, sponsor_id, custom_poster_url, created_at) VALUES (6, 'tenant_demo_001', 3, 1, NULL, '2025-01-10 10:00:00');

INSERT INTO public.event_sponsors_join (id, tenant_id, event_id, sponsor_id, custom_poster_url, created_at) VALUES (7, 'tenant_demo_002', 2, 5, NULL, '2025-01-10 10:00:00');

INSERT INTO public.event_sponsors_join (id, tenant_id, event_id, sponsor_id, custom_poster_url, created_at) VALUES (4601, 'tenant_demo_002', 4201, 4551, NULL, '2026-01-14 17:38:33.05985');

INSERT INTO public.executive_committee_team_members (id, first_name, last_name, title, designation, bio, email, priority_order, profile_image_url, expertise, image_background, image_style, department, join_date, is_active, linkedin_url, twitter_url, website_url, created_at, updated_at) VALUES (1, 'Gain', 'Joseph', 'bnbnbbnb', '', 'bnbnbbnb', 'giventauser@gmail.com', 0, 'https://eventapp-media-bucket.s3.us-east-2.amazonaws.com/media/tenantId/tenant_demo_001/executive-team-members/arun_sadasivan_1757093414753_3e098d44.jpeg', NULL, '', '', '', NULL, true, '', '', '', '2025-09-05 17:30:12.146626+00', '2025-09-05 17:30:12.146626+00');

INSERT INTO public.executive_committee_team_members (id, first_name, last_name, title, designation, bio, email, priority_order, profile_image_url, expertise, image_background, image_style, department, join_date, is_active, linkedin_url, twitter_url, website_url, created_at, updated_at) VALUES (2, 'ddddddd', 'Joseph', 'nbnbnbnbnbbnb', '', 'bvbvbvbv', 'giventauser@gmail.com', 0, 'https://eventapp-media-bucket.s3.us-east-2.amazonaws.com/media/tenantId/tenant_demo_001/executive-team-members/latha_krishnan_1757093444035_7cfd3510.jpeg', NULL, '', '', '', NULL, true, '', '', '', '2025-09-05 17:30:43.745627+00', '2025-09-05 17:30:43.745627+00');

INSERT INTO public.executive_committee_team_members (id, first_name, last_name, title, designation, bio, email, priority_order, profile_image_url, expertise, image_background, image_style, department, join_date, is_active, linkedin_url, twitter_url, website_url, created_at, updated_at) VALUES (3, 'Manaoj', 'Joseph', 'nnnbnbbnbnbnbnbb', '', '', 'giventauser@gmail.com', 0, 'https://eventapp-media-bucket.s3.us-east-2.amazonaws.com/media/tenantId/tenant_demo_001/executive-team-members/Manoj_Kizhakkoot_1757093467818_a471c9c7.png', NULL, '', '', '', NULL, true, '', '', '', '2025-09-05 17:31:07.135061+00', '2025-09-05 17:31:07.135061+00');

INSERT INTO public.executive_committee_team_members (id, first_name, last_name, title, designation, bio, email, priority_order, profile_image_url, expertise, image_background, image_style, department, join_date, is_active, linkedin_url, twitter_url, website_url, created_at, updated_at) VALUES (5301, 'Test', 'person1', 'mzdfbmsnf', '', '', '', 0, NULL, NULL, '', '', '', NULL, true, '', '', '', '2026-01-13 13:20:04.216117+00', '2026-01-13 13:20:04.216117+00');

INSERT INTO public.executive_committee_team_members (id, first_name, last_name, title, designation, bio, email, priority_order, profile_image_url, expertise, image_background, image_style, department, join_date, is_active, linkedin_url, twitter_url, website_url, created_at, updated_at) VALUES (5302, 'Test', 'person2', 'xdfgsdfg', '', '', '', 0, NULL, NULL, '', '', '', NULL, true, '', '', '', '2026-01-13 13:20:20.2445+00', '2026-01-13 13:20:20.2445+00');

INSERT INTO public.executive_committee_team_members (id, first_name, last_name, title, designation, bio, email, priority_order, profile_image_url, expertise, image_background, image_style, department, join_date, is_active, linkedin_url, twitter_url, website_url, created_at, updated_at) VALUES (5303, 'Test', 'person3', 'xdfgsdfg', '', '', '', 0, NULL, NULL, '', '', '', NULL, true, '', '', '', '2026-01-13 13:20:34.998888+00', '2026-01-13 13:20:34.998888+00');

INSERT INTO public.executive_committee_team_members (id, first_name, last_name, title, designation, bio, email, priority_order, profile_image_url, expertise, image_background, image_style, department, join_date, is_active, linkedin_url, twitter_url, website_url, created_at, updated_at) VALUES (5304, 'Test', 'person4', 'sdfsgsfg', '', '', '', 0, NULL, NULL, '', '', '', NULL, true, '', '', '', '2026-01-13 13:20:48.876278+00', '2026-01-13 13:20:48.876278+00');

INSERT INTO public.executive_committee_team_members (id, first_name, last_name, title, designation, bio, email, priority_order, profile_image_url, expertise, image_background, image_style, department, join_date, is_active, linkedin_url, twitter_url, website_url, created_at, updated_at) VALUES (4151, 'Test', 'person5', 'dfgdsfg', '', '', '', 0, NULL, NULL, '', '', '', NULL, true, '', '', '', '2026-01-14 11:45:56.894632+00', '2026-01-14 11:45:56.894632+00');

INSERT INTO public.executive_committee_team_members (id, first_name, last_name, title, designation, bio, email, priority_order, profile_image_url, expertise, image_background, image_style, department, join_date, is_active, linkedin_url, twitter_url, website_url, created_at, updated_at) VALUES (4152, 'Test', 'person6', 'sdfgsdfg', '', '', '', 0, NULL, NULL, '', '', '', NULL, true, '', '', '', '2026-01-14 11:46:22.756593+00', '2026-01-14 11:46:22.756593+00');

INSERT INTO public.executive_committee_team_members (id, first_name, last_name, title, designation, bio, email, priority_order, profile_image_url, expertise, image_background, image_style, department, join_date, is_active, linkedin_url, twitter_url, website_url, created_at, updated_at) VALUES (4153, 'Test', 'perosn7', 'sdfgsdfg', '', '', '', 0, NULL, NULL, '', '', '', NULL, true, '', '', '', '2026-01-14 11:46:37.057887+00', '2026-01-14 11:46:37.057887+00');

INSERT INTO public.executive_committee_team_members (id, first_name, last_name, title, designation, bio, email, priority_order, profile_image_url, expertise, image_background, image_style, department, join_date, is_active, linkedin_url, twitter_url, website_url, created_at, updated_at) VALUES (4154, 'Test', 'person8', 'sdfgdfg', '', '', '', 0, NULL, NULL, '', '', '', NULL, true, '', '', '', '2026-01-14 11:46:51.23387+00', '2026-01-14 11:46:51.23387+00');

INSERT INTO public.executive_committee_team_members (id, first_name, last_name, title, designation, bio, email, priority_order, profile_image_url, expertise, image_background, image_style, department, join_date, is_active, linkedin_url, twitter_url, website_url, created_at, updated_at) VALUES (4155, 'Test', 'person9', 'sdfgdsfg', '', '', '', 0, NULL, NULL, '', '', '', NULL, true, '', '', '', '2026-01-14 11:47:35.737431+00', '2026-01-14 11:47:35.737431+00');

INSERT INTO public.executive_committee_team_members (id, first_name, last_name, title, designation, bio, email, priority_order, profile_image_url, expertise, image_background, image_style, department, join_date, is_active, linkedin_url, twitter_url, website_url, created_at, updated_at) VALUES (4156, 'Test ', 'person10', 'bdgdgh', '', '', '', 0, NULL, NULL, '', '', '', NULL, true, '', '', '', '2026-01-14 11:47:47.062863+00', '2026-01-14 11:47:47.062863+00');

INSERT INTO public.executive_committee_team_members (id, first_name, last_name, title, designation, bio, email, priority_order, profile_image_url, expertise, image_background, image_style, department, join_date, is_active, linkedin_url, twitter_url, website_url, created_at, updated_at) VALUES (4157, 'Test', 'perosn11', 'xddghdgh', '', '', '', 0, NULL, NULL, '', '', '', NULL, true, '', '', '', '2026-01-14 11:48:03.507591+00', '2026-01-14 11:48:03.507591+00');

INSERT INTO public.executive_committee_team_members (id, first_name, last_name, title, designation, bio, email, priority_order, profile_image_url, expertise, image_background, image_style, department, join_date, is_active, linkedin_url, twitter_url, website_url, created_at, updated_at) VALUES (4158, 'Test', 'person12', 'dfgsfgsfg', '', '', '', 0, NULL, NULL, '', '', '', NULL, true, '', '', '', '2026-01-14 11:48:16.620334+00', '2026-01-14 11:48:16.620334+00');

INSERT INTO public.executive_committee_team_members (id, first_name, last_name, title, designation, bio, email, priority_order, profile_image_url, expertise, image_background, image_style, department, join_date, is_active, linkedin_url, twitter_url, website_url, created_at, updated_at) VALUES (4159, 'Test', 'person13', 'sfdgdfgsdfg', '', '', '', 0, NULL, NULL, '', '', '', NULL, true, '', '', '', '2026-01-14 11:48:30.63973+00', '2026-01-14 11:48:30.63973+00');

INSERT INTO public.executive_committee_team_members (id, first_name, last_name, title, designation, bio, email, priority_order, profile_image_url, expertise, image_background, image_style, department, join_date, is_active, linkedin_url, twitter_url, website_url, created_at, updated_at) VALUES (4160, 'Test', 'person14', 'sfgsfgsfg', '', '', '', 0, NULL, NULL, '', '', '', NULL, true, '', '', '', '2026-01-14 11:48:44.48062+00', '2026-01-14 11:48:44.48062+00');

INSERT INTO public.executive_committee_team_members (id, first_name, last_name, title, designation, bio, email, priority_order, profile_image_url, expertise, image_background, image_style, department, join_date, is_active, linkedin_url, twitter_url, website_url, created_at, updated_at) VALUES (4161, 'Test', 'person15', 'sfgdsfgdsfg', '', '', '', 0, NULL, NULL, '', '', '', NULL, true, '', '', '', '2026-01-14 11:49:00.129586+00', '2026-01-14 11:49:00.129586+00');

INSERT INTO public.executive_committee_team_members (id, first_name, last_name, title, designation, bio, email, priority_order, profile_image_url, expertise, image_background, image_style, department, join_date, is_active, linkedin_url, twitter_url, website_url, created_at, updated_at) VALUES (4162, 'Test', 'person16', 'sdgsfg', '', '', '', 0, NULL, NULL, '', '', '', NULL, true, '', '', '', '2026-01-14 11:49:22.110084+00', '2026-01-14 11:49:22.110084+00');

INSERT INTO public.executive_committee_team_members (id, first_name, last_name, title, designation, bio, email, priority_order, profile_image_url, expertise, image_background, image_style, department, join_date, is_active, linkedin_url, twitter_url, website_url, created_at, updated_at) VALUES (4163, 'Test', 'person17', 'sdgsdfg', '', '', '', 0, NULL, NULL, '', '', '', NULL, true, '', '', '', '2026-01-14 11:49:45.165191+00', '2026-01-14 11:49:45.165191+00');

INSERT INTO public.event_recurrence_series (id, tenant_id, parent_event_id, pattern, "interval", end_type, end_date, occurrences, weekly_days, monthly_day, created_at, updated_at) VALUES (6801, 'tenant_demo_002', 6356, 'DAILY', 1, 'OCCURRENCES', '2025-11-30', 4, NULL, NULL, '2025-11-20 04:40:50.818826', '2025-11-20 04:40:50.818826');

INSERT INTO public.focus_group (id, tenant_id, name, slug, description, cover_image_url, is_active, created_at, updated_at) VALUES (4001, 'tenant_demo_001', 'Gain Joseph', 'dsdssds', '46182', '', true, '2025-10-28 14:14:44.123714', '2025-10-28 14:14:44.123714');

INSERT INTO public.focus_group (id, tenant_id, name, slug, description, cover_image_url, is_active, created_at, updated_at) VALUES (4002, 'tenant_demo_002', 'Gain Joseph', 'rtrtrt', '56746', '', true, '2025-11-04 04:10:50.575748', '2025-11-04 04:10:50.575748');

INSERT INTO public.membership_plan (id, tenant_id, plan_name, plan_code, description, plan_type, billing_interval, price, currency, trial_days, is_active, max_events_per_month, max_attendees_per_event, features_json, stripe_price_id, stripe_product_id, created_at, updated_at) VALUES (4051, 'tenant_demo_002', 'plan 1', 'x', 'cxxcxc', 'SUBSCRIPTION', 'MONTHLY', 10.00, 'USD', 0, true, NULL, NULL, '{}', 'price_1SaRprK5BrggeAHM0ttspTpF', 'prod_TXWtwHhfpZZVFm', '2025-12-04 01:59:57.818855', '2025-12-03 20:59:57.82681');

INSERT INTO public.payment_provider_config (id, tenant_id, provider_name, payment_use_case, is_active, supports_acp, supports_zeffy, supports_zelle, supports_revolut, provider_api_key_encrypted, provider_secret_key_encrypted, webhook_secret_encrypted, payment_method_domain_id, publishable_key, fallback_order, configuration_json, created_at, updated_at) VALUES (7350, 'tenant_demo_002', 'STRIPE', NULL, true, false, false, false, false, NULL, 'HkEKaSSud4Z4GVrbkrcVi+we/MoghoxEckEs/aQ3yZE2vSLxcyXkGZIoNFmf6VPfaowY9MRlPLUla5lX99k/Nq8GuvVuITuxZymfRk+2jiy8RMjMAAr7EjLRH8IjBX26bs84sx63os5igsD9OYU/lAQ0EAt0ShwdoQEEp5w8yJnJIc605ZsB', 'o1wcxuWu4y1b/zYsXKfPda5s+zaS0NQJsD07ZIDVSbkFJu/1qnPmqi17gWXm8Pb+oQ9wVUJA3xYRqQ5iQS3t4ZR9', 'pmd_1SWrMSK5BrggeAHMmHxUd9F2', 'pk_test_51JoBNqK5BrggeAHMxgJ7OBl3MKNlJMG0fuxwwsqk6bXldsQKyUlP283EUgICwcd57D9GUSAUfRPa06GD7xcXqqyH00tc3RDr97', 0, NULL, '2025-12-10 01:48:01.528663', '2025-12-10 01:48:01.528663');

INSERT INTO public.promotion_email_template (id, tenant_id, event_id, template_name, template_type, subject, from_email, body_html, footer_html, header_image_url, footer_image_url, promotion_code, discount_code_id, is_active, created_by_id, created_at, updated_at) VALUES (4101, 'tenant_demo_002', 2, 'template 1', 'EVENT_PROMOTION', 'template 1', 'giventauser@gmail.com', '<div style="font-family: Arial, sans-serif; max-width: 480px; margin: 0 auto; background: #f9f9f9; border-radius: 8px; padding: 24px; text-align: center;">

  <h2 style="color: #1a237e; margin-bottom: 12px;">Special Offer Just for You!</h2>

  <p style="font-size: 18px; color: #333; margin-bottom: 8px;">Use the code below to get an exclusive discount:</p>

  <div style="font-size: 24px; font-weight: bold; color: #1565c0; background: #e3f2fd; border-radius: 6px; display: inline-block; padding: 12px 32px; margin-bottom: 12px;">SAVE20</div>

  <p style="font-size: 16px; color: #444;">Enter this code at checkout to enjoy your savings!</p>

</div>', NULL, '', '', NULL, NULL, true, NULL, '2025-12-04 02:21:46.637859', '2025-12-04 02:47:07.241759');

INSERT INTO public.promotion_email_template (id, tenant_id, event_id, template_name, template_type, subject, from_email, body_html, footer_html, header_image_url, footer_image_url, promotion_code, discount_code_id, is_active, created_by_id, created_at, updated_at) VALUES (4102, 'tenant_demo_002', 2, 'template 1 (Copy)', 'EVENT_PROMOTION', 'template 1', 'sales@giventa.com', '<div style="font-family: Arial, sans-serif; max-width: 480px; margin: 0 auto; background: #f9f9f9; border-radius: 8px; padding: 24px; text-align: center;">

  <h2 style="color: #1a237e; margin-bottom: 12px;">Special Offer Just for You!</h2>

  <p style="font-size: 18px; color: #333; margin-bottom: 8px;">Use the code below to get an exclusive discount:</p>

  <div style="font-size: 24px; font-weight: bold; color: #1565c0; background: #e3f2fd; border-radius: 6px; display: inline-block; padding: 12px 32px; margin-bottom: 12px;">SAVE20</div>

  <p style="font-size: 16px; color: #444;">Enter this code at checkout to enjoy your savings!</p>

</div>', NULL, '', '', NULL, NULL, true, NULL, '2025-12-04 02:56:04.570325', '2025-12-04 03:14:03.748681');

INSERT INTO public.promotion_email_template (id, tenant_id, event_id, template_name, template_type, subject, from_email, body_html, footer_html, header_image_url, footer_image_url, promotion_code, discount_code_id, is_active, created_by_id, created_at, updated_at) VALUES (5051, 'tenant_demo_002', NULL, 'template 1 (Copy)', 'NEWS_LETTER', 'just the email subject', 'sales@giventa.com', '<div style="font-family: Arial, sans-serif; max-width: 480px; margin: 0 auto; background: #f9f9f9; border-radius: 8px; padding: 24px; text-align: center;">

  <h2 style="color: #1a237e; margin-bottom: 12px;">Special Offer Just for You!</h2>

  <p style="font-size: 18px; color: #333; margin-bottom: 8px;">Use the code below to get an exclusive discount:</p>

  <div style="font-size: 24px; font-weight: bold; color: #1565c0; background: #e3f2fd; border-radius: 6px; display: inline-block; padding: 12px 32px; margin-bottom: 12px;">SAVE20</div>

  <p style="font-size: 16px; color: #444;">Enter this code at checkout to enjoy your savings!</p>

</div>', NULL, '', '', NULL, NULL, true, NULL, '2026-01-12 03:55:26.179189', '2026-01-12 03:55:26.179211');

INSERT INTO public.promotion_email_template (id, tenant_id, event_id, template_name, template_type, subject, from_email, body_html, footer_html, header_image_url, footer_image_url, promotion_code, discount_code_id, is_active, created_by_id, created_at, updated_at) VALUES (5052, 'tenant_demo_002', NULL, 'Test template', 'NEWS_LETTER', 'giventauser@gmail.com', 'sales@giventa.com', '<div style="font-family: Arial, sans-serif; max-width: 480px; margin: 0 auto; background: #f9f9f9; border-radius: 8px; padding: 24px; text-align: center;">

  <h2 style="color: #1a237e; margin-bottom: 12px;">Special Offer Just for You!</h2>

  <p style="font-size: 18px; color: #333; margin-bottom: 8px;">Use the code below to get an exclusive discount:</p>

  <div style="font-size: 24px; font-weight: bold; color: #1565c0; background: #e3f2fd; border-radius: 6px; display: inline-block; padding: 12px 32px; margin-bottom: 12px;">SAVE20</div>

  <p style="font-size: 16px; color: #444;">Enter this code at checkout to enjoy your savings!</p>

</div>', NULL, '', '', NULL, NULL, true, NULL, '2026-01-12 04:01:17.410089', '2026-01-12 04:03:45.56019');

INSERT INTO public.promotion_email_sent_log (id, tenant_id, template_id, event_id, recipient_email, subject, promotion_code, discount_code_id, sent_at, is_test_email, email_status, error_message, sent_by_id) VALUES (4151, 'tenant_demo_002', 4101, 2, 'giventauser@gmail.com', 'template 1', NULL, NULL, '2025-12-04 02:28:08.753896', true, 'SENT', NULL, NULL);

INSERT INTO public.promotion_email_sent_log (id, tenant_id, template_id, event_id, recipient_email, subject, promotion_code, discount_code_id, sent_at, is_test_email, email_status, error_message, sent_by_id) VALUES (4152, 'tenant_demo_002', 4101, 2, 'giventauser@gmail.com', 'template 1', NULL, NULL, '2025-12-04 02:28:44.989773', true, 'SENT', NULL, NULL);

INSERT INTO public.promotion_email_sent_log (id, tenant_id, template_id, event_id, recipient_email, subject, promotion_code, discount_code_id, sent_at, is_test_email, email_status, error_message, sent_by_id) VALUES (4153, 'tenant_demo_002', 4101, 2, 'giventauser@gmail.com', 'template 1', NULL, NULL, '2025-12-04 02:30:26.44787', true, 'SENT', NULL, NULL);

INSERT INTO public.promotion_email_sent_log (id, tenant_id, template_id, event_id, recipient_email, subject, promotion_code, discount_code_id, sent_at, is_test_email, email_status, error_message, sent_by_id) VALUES (4154, 'tenant_demo_002', 4101, 2, 'gain@hotmail.com', 'template 1', NULL, NULL, '2025-12-04 02:47:26.672089', true, 'SENT', NULL, NULL);

INSERT INTO public.promotion_email_sent_log (id, tenant_id, template_id, event_id, recipient_email, subject, promotion_code, discount_code_id, sent_at, is_test_email, email_status, error_message, sent_by_id) VALUES (4155, 'tenant_demo_002', 4102, 2, 'giventauser@gmail.com', 'template 1', NULL, NULL, '2025-12-04 02:57:13.402323', true, 'FAILED', 'Failed to send email via SES: Email address is not verified. The following identities failed the check in region US-EAST-2: tickets@enable-mail.com (Service: Ses, Status Code: 400, Request ID: cea593b1-df85-454a-8b75-902e803db603)', NULL);

INSERT INTO public.promotion_email_sent_log (id, tenant_id, template_id, event_id, recipient_email, subject, promotion_code, discount_code_id, sent_at, is_test_email, email_status, error_message, sent_by_id) VALUES (4156, 'tenant_demo_002', 4102, 2, 'giventauser@gmail.com', 'template 1', NULL, NULL, '2025-12-04 02:59:03.786251', true, 'SENT', NULL, NULL);

INSERT INTO public.promotion_email_sent_log (id, tenant_id, template_id, event_id, recipient_email, subject, promotion_code, discount_code_id, sent_at, is_test_email, email_status, error_message, sent_by_id) VALUES (4157, 'tenant_demo_002', 4102, 2, 'gain@hotmail.com', 'template 1', NULL, NULL, '2025-12-04 03:00:34.65339', true, 'SENT', NULL, NULL);

INSERT INTO public.promotion_email_sent_log (id, tenant_id, template_id, event_id, recipient_email, subject, promotion_code, discount_code_id, sent_at, is_test_email, email_status, error_message, sent_by_id) VALUES (4158, 'tenant_demo_002', 4102, 2, 'giventauser@gmail.com', 'template 1', NULL, NULL, '2025-12-04 03:04:24.260372', true, 'SENT', NULL, NULL);

INSERT INTO public.promotion_email_sent_log (id, tenant_id, template_id, event_id, recipient_email, subject, promotion_code, discount_code_id, sent_at, is_test_email, email_status, error_message, sent_by_id) VALUES (4159, 'tenant_demo_002', 4102, 2, 'giventauser@gmail.com', 'template 1', NULL, NULL, '2025-12-04 03:06:15.735687', true, 'SENT', NULL, NULL);

INSERT INTO public.promotion_email_sent_log (id, tenant_id, template_id, event_id, recipient_email, subject, promotion_code, discount_code_id, sent_at, is_test_email, email_status, error_message, sent_by_id) VALUES (4160, 'tenant_demo_002', 4102, 2, 'giventauser@gmail.com', 'template 1', NULL, NULL, '2025-12-04 03:09:53.818289', true, 'SENT', NULL, NULL);

INSERT INTO public.promotion_email_sent_log (id, tenant_id, template_id, event_id, recipient_email, subject, promotion_code, discount_code_id, sent_at, is_test_email, email_status, error_message, sent_by_id) VALUES (4161, 'tenant_demo_002', 4102, 2, 'giventauser@gmail.com', 'template 1', NULL, NULL, '2025-12-04 03:10:49.663572', false, 'SENT', NULL, NULL);

INSERT INTO public.promotion_email_sent_log (id, tenant_id, template_id, event_id, recipient_email, subject, promotion_code, discount_code_id, sent_at, is_test_email, email_status, error_message, sent_by_id) VALUES (4162, 'tenant_demo_002', 4102, 2, 'giventauser@gmail.com', 'template 1', NULL, NULL, '2025-12-04 03:12:46.894361', true, 'SENT', NULL, NULL);

INSERT INTO public.promotion_email_sent_log (id, tenant_id, template_id, event_id, recipient_email, subject, promotion_code, discount_code_id, sent_at, is_test_email, email_status, error_message, sent_by_id) VALUES (4163, 'tenant_demo_002', 4102, 2, 'giventauser@gmail.com', 'template 1', NULL, NULL, '2025-12-04 03:13:12.668846', false, 'SENT', NULL, NULL);

INSERT INTO public.promotion_email_sent_log (id, tenant_id, template_id, event_id, recipient_email, subject, promotion_code, discount_code_id, sent_at, is_test_email, email_status, error_message, sent_by_id) VALUES (4164, 'tenant_demo_002', 4102, 2, 'giventauser@gmail.com', 'template 1', NULL, NULL, '2025-12-04 12:09:26.473457', true, 'SENT', NULL, NULL);

INSERT INTO public.promotion_email_sent_log (id, tenant_id, template_id, event_id, recipient_email, subject, promotion_code, discount_code_id, sent_at, is_test_email, email_status, error_message, sent_by_id) VALUES (4051, 'tenant_demo_002', 4102, 2, 'mosc.test@keleno.com', 'template 1', NULL, NULL, '2026-01-07 03:55:02.21668', true, 'SENT', NULL, NULL);

INSERT INTO public.manual_payment_request (id, tenant_id, event_id, ticket_transaction_id, requester_email, requester_first_name, requester_last_name, requester_phone, amount_due, payment_method_type, payment_handle, payment_instructions, status, proof_of_payment_file_key, proof_of_payment_file_url, proof_of_payment_uploaded_at, received_at, received_by, void_reason, created_at, updated_at) VALUES (7451, 'tenant_demo_002', 4201, 7501, 'giventauser@gmail.com', NULL, NULL, '3123430073', 0.70, 'ZELLE_MANUAL', NULL, NULL, 'REQUESTED', NULL, NULL, NULL, NULL, NULL, NULL, '2026-01-19 06:16:28.36327', '2026-01-19 06:16:28.36327');

INSERT INTO public.manual_payment_request (id, tenant_id, event_id, ticket_transaction_id, requester_email, requester_first_name, requester_last_name, requester_phone, amount_due, payment_method_type, payment_handle, payment_instructions, status, proof_of_payment_file_key, proof_of_payment_file_url, proof_of_payment_uploaded_at, received_at, received_by, void_reason, created_at, updated_at) VALUES (7452, 'tenant_demo_002', 4201, 7502, 'giventauser@gmail.com', NULL, NULL, '3123430073', 0.60, 'VENMO_MANUAL', NULL, NULL, 'REQUESTED', NULL, NULL, NULL, NULL, NULL, NULL, '2026-01-19 06:29:19.829396', '2026-01-19 07:11:04.146987');

INSERT INTO public.clerk_organization_role (id, clerk_org_id, clerk_role_name, application_role, permissions, created_at, updated_at) VALUES (4050, 'org_default', 'org:admin', 'ROLE_ORG_ADMIN', '{"canManageUsers": true, "canViewReports": true, "canManageEvents": true, "canManageSettings": true}', '2025-10-12 23:51:39.101705', '2025-10-12 23:51:39.101705');

INSERT INTO public.clerk_organization_role (id, clerk_org_id, clerk_role_name, application_role, permissions, created_at, updated_at) VALUES (4100, 'org_default', 'org:member', 'ROLE_ORG_MEMBER', '{"canViewEvents": true, "canRegisterEvents": true, "canUpdateOwnProfile": true}', '2025-10-12 23:51:39.101705', '2025-10-12 23:51:39.101705');

INSERT INTO public.clerk_organization_role (id, clerk_org_id, clerk_role_name, application_role, permissions, created_at, updated_at) VALUES (4150, 'org_default', 'org:viewer', 'ROLE_VIEWER', '{"canViewEvents": true}', '2025-10-12 23:51:39.101705', '2025-10-12 23:51:39.101705');

INSERT INTO public.batch_job_execution_log (id, job_name, job_type, status, tenant_id, started_at, completed_at, duration_ms, processed_count, success_count, failed_count, error_message, triggered_by, parameters_json) VALUES (4001, 'contactFormEmailJob', 'CONTACT_FORM_EMAIL', 'FAILED', 'tenant_demo_002', '2026-01-14 03:42:29.112828', '2026-01-14 03:42:29.362447', 249, 0, 0, 1, 'No enum constant com.eventmanager.batch.domain.enumeration.TenantEmailType.INFO', 'API', '{"tenantId":"tenant_demo_002","fromEmail":"dhanya@keleno.com","toEmail":"info@mosc.in"}');

INSERT INTO public.batch_job_execution_log (id, job_name, job_type, status, tenant_id, started_at, completed_at, duration_ms, processed_count, success_count, failed_count, error_message, triggered_by, parameters_json) VALUES (4002, 'contactFormEmailJob', 'CONTACT_FORM_EMAIL', 'FAILED', 'tenant_demo_002', '2026-01-14 03:43:25.239245', '2026-01-14 03:43:25.264826', 25, 0, 0, 1, 'No enum constant com.eventmanager.batch.domain.enumeration.TenantEmailType.INFO', 'API', '{"tenantId":"tenant_demo_002","fromEmail":"giventauser@gmail.com","toEmail":"info@mosc.in"}');

INSERT INTO public.batch_job_execution_log (id, job_name, job_type, status, tenant_id, started_at, completed_at, duration_ms, processed_count, success_count, failed_count, error_message, triggered_by, parameters_json) VALUES (4003, 'contactFormEmailJob', 'CONTACT_FORM_EMAIL', 'FAILED', 'tenant_demo_002', '2026-01-14 15:29:47.544969', '2026-01-14 15:29:47.67151', 126, 0, 0, 1, 'No enum constant com.eventmanager.batch.domain.enumeration.TenantEmailType.INFO', 'API', '{"tenantId":"tenant_demo_002","fromEmail":"giventauser@gmail.com","toEmail":"info@mosc.in"}');

INSERT INTO public.batch_job_execution_log (id, job_name, job_type, status, tenant_id, started_at, completed_at, duration_ms, processed_count, success_count, failed_count, error_message, triggered_by, parameters_json) VALUES (4401, 'contactFormEmailJob', 'CONTACT_FORM_EMAIL', 'COMPLETED', 'tenant_demo_002', '2026-01-14 16:37:57.098722', '2026-01-14 16:37:58.426254', 1327, 1, 1, 0, NULL, 'API', '{"tenantId":"tenant_demo_002","fromEmail":"giventauser@gmail.com","toEmail":"info@mosc.in"}');

INSERT INTO public.batch_job_execution_log (id, job_name, job_type, status, tenant_id, started_at, completed_at, duration_ms, processed_count, success_count, failed_count, error_message, triggered_by, parameters_json) VALUES (2, 'manualPaymentSummaryJob', 'MANUAL_PAYMENT_SUMMARY', 'COMPLETED', 'tenant_demo_002', '2026-01-19 04:52:12.008914', '2026-01-19 04:52:12.183101', 174, 0, 0, 0, NULL, 'API', '{"tenantId":"tenant_demo_002","eventId":4201,"snapshotDate":"2026-01-19"}');

INSERT INTO public.batch_job_execution_log (id, job_name, job_type, status, tenant_id, started_at, completed_at, duration_ms, processed_count, success_count, failed_count, error_message, triggered_by, parameters_json) VALUES (3, 'manualPaymentConfirmationEmailJob', 'MANUAL_PAYMENT_CONFIRMATION_EMAIL', 'COMPLETED', 'tenant_demo_002', '2026-01-19 06:17:12.965247', '2026-01-19 06:17:18.317466', 5352, 1, 1, 0, NULL, 'API', '{"paymentRequestId":7451,"eventId":4201,"tenantId":"tenant_demo_002","recipientEmail":"giventauser@gmail.com"}');

INSERT INTO public.batch_job_execution_log (id, job_name, job_type, status, tenant_id, started_at, completed_at, duration_ms, processed_count, success_count, failed_count, error_message, triggered_by, parameters_json) VALUES (4, 'manualPaymentConfirmationEmailJob', 'MANUAL_PAYMENT_CONFIRMATION_EMAIL', 'COMPLETED', 'tenant_demo_002', '2026-01-19 06:29:37.573363', '2026-01-19 06:29:38.362996', 789, 1, 1, 0, NULL, 'API', '{"paymentRequestId":7452,"eventId":4201,"tenantId":"tenant_demo_002","recipientEmail":"giventauser@gmail.com"}');

INSERT INTO public.batch_job_execution_log (id, job_name, job_type, status, tenant_id, started_at, completed_at, duration_ms, processed_count, success_count, failed_count, error_message, triggered_by, parameters_json) VALUES (5, 'manualPaymentSummaryJob', 'MANUAL_PAYMENT_SUMMARY', 'COMPLETED', 'tenant_demo_002', '2026-01-19 06:35:28.633011', '2026-01-19 06:35:28.683335', 50, 2, 2, 0, NULL, 'API', '{"tenantId":"tenant_demo_002","eventId":4201,"snapshotDate":"2026-01-19"}');

INSERT INTO public.manual_payment_summary_report (id, tenant_id, event_id, payment_method_type, status, total_amount, transaction_count, snapshot_date, created_at) VALUES (7602, 'tenant_demo_002', 4201, 'VENMO_MANUAL', 'REQUESTED', 0.60, 1, '2026-01-19', '2026-01-19 06:35:28.603723');

INSERT INTO public.manual_payment_summary_report (id, tenant_id, event_id, payment_method_type, status, total_amount, transaction_count, snapshot_date, created_at) VALUES (7652, 'tenant_demo_002', 4201, 'ZELLE_MANUAL', 'REQUESTED', 0.70, 1, '2026-01-19', '2026-01-19 06:35:28.603723');

INSERT INTO public.bulk_operation_log (id, tenant_id, operation_type, operation_name, performed_by, target_count, success_count, error_count, skipped_count, operation_details, error_details, execution_time_ms, created_at, completed_at) VALUES (1, 'tenant_demo_001', 'IMPORT', 'Import Users', 1, 100, 98, 1, 1, 'Imported users', NULL, 5000, '2025-06-22 11:31:27.770938', '2025-06-22 11:31:27.770938');

INSERT INTO public.bulk_operation_log (id, tenant_id, operation_type, operation_name, performed_by, target_count, success_count, error_count, skipped_count, operation_details, error_details, execution_time_ms, created_at, completed_at) VALUES (2, 'tenant_demo_001', 'EXPORT', 'Export Events', 2, 50, 50, 0, 0, 'Exported events', NULL, 2000, '2025-06-22 11:31:27.770938', '2025-06-22 11:31:27.770938');

INSERT INTO public.bulk_operation_log (id, tenant_id, operation_type, operation_name, performed_by, target_count, success_count, error_count, skipped_count, operation_details, error_details, execution_time_ms, created_at, completed_at) VALUES (3, 'tenant_demo_001', 'SYNC', 'Sync Calendar', 3, 20, 19, 1, 0, 'Synced calendar', '1 error', 1000, '2025-06-22 11:31:27.770938', '2025-06-22 11:31:27.770938');

INSERT INTO public.bulk_operation_log (id, tenant_id, operation_type, operation_name, performed_by, target_count, success_count, error_count, skipped_count, operation_details, error_details, execution_time_ms, created_at, completed_at) VALUES (4, 'tenant_demo_001', 'DELETE', 'Delete Old Data', 4, 10, 10, 0, 0, 'Deleted old data', NULL, 500, '2025-06-22 11:31:27.770938', '2025-06-22 11:31:27.770938');

INSERT INTO public.bulk_operation_log (id, tenant_id, operation_type, operation_name, performed_by, target_count, success_count, error_count, skipped_count, operation_details, error_details, execution_time_ms, created_at, completed_at) VALUES (5, 'tenant_demo_001', 'UPDATE', 'Update Settings', 5, 5, 5, 0, 0, 'Updated settings', NULL, 100, '2025-06-22 11:31:27.770938', '2025-06-22 11:31:27.770938');

INSERT INTO public.bulk_operation_log (id, tenant_id, operation_type, operation_name, performed_by, target_count, success_count, error_count, skipped_count, operation_details, error_details, execution_time_ms, created_at, completed_at) VALUES (6, 'tenant_demo_001', 'IMPORT', 'Import Events', 6, 60, 59, 1, 0, 'Imported events', '1 error', 3000, '2025-06-22 11:31:27.770938', '2025-06-22 11:31:27.770938');

INSERT INTO public.databasechangelog (id, author, filename, dateexecuted, orderexecuted, exectype, md5sum, description, comments, tag, liquibase, contexts, labels, deployment_id) VALUES ('1', 'admin', 'changelog1.sql', '2025-06-22 11:31:27.814868', 1, 'EXECUTED', 'abc123', 'Initial', NULL, NULL, '3.8.0', NULL, NULL, 'dep1');

INSERT INTO public.databasechangelog (id, author, filename, dateexecuted, orderexecuted, exectype, md5sum, description, comments, tag, liquibase, contexts, labels, deployment_id) VALUES ('2', 'admin', 'changelog2.sql', '2025-06-22 11:31:27.814868', 2, 'EXECUTED', 'def456', 'Add tables', NULL, NULL, '3.8.0', NULL, NULL, 'dep1');

INSERT INTO public.databasechangelog (id, author, filename, dateexecuted, orderexecuted, exectype, md5sum, description, comments, tag, liquibase, contexts, labels, deployment_id) VALUES ('3', 'admin', 'changelog3.sql', '2025-06-22 11:31:27.814868', 3, 'EXECUTED', 'ghi789', 'Add data', NULL, NULL, '3.8.0', NULL, NULL, 'dep1');

INSERT INTO public.databasechangelog (id, author, filename, dateexecuted, orderexecuted, exectype, md5sum, description, comments, tag, liquibase, contexts, labels, deployment_id) VALUES ('4', 'admin', 'changelog4.sql', '2025-06-22 11:31:27.814868', 4, 'EXECUTED', 'jkl012', 'Update schema', NULL, NULL, '3.8.0', NULL, NULL, 'dep1');

INSERT INTO public.databasechangelog (id, author, filename, dateexecuted, orderexecuted, exectype, md5sum, description, comments, tag, liquibase, contexts, labels, deployment_id) VALUES ('5', 'admin', 'changelog5.sql', '2025-06-22 11:31:27.814868', 5, 'EXECUTED', 'mno345', 'Patch', NULL, NULL, '3.8.0', NULL, NULL, 'dep1');

INSERT INTO public.databasechangelog (id, author, filename, dateexecuted, orderexecuted, exectype, md5sum, description, comments, tag, liquibase, contexts, labels, deployment_id) VALUES ('6', 'admin', 'changelog6.sql', '2025-06-22 11:31:27.814868', 6, 'EXECUTED', 'pqr678', 'Hotfix', NULL, NULL, '3.8.0', NULL, NULL, 'dep1');

INSERT INTO public.databasechangeloglock (id, locked, lockgranted, lockedby) VALUES (1, false, '2025-06-22 11:31:27.859976', 'admin1');

INSERT INTO public.databasechangeloglock (id, locked, lockgranted, lockedby) VALUES (2, false, '2025-06-22 11:31:27.859976', 'admin2');

INSERT INTO public.databasechangeloglock (id, locked, lockgranted, lockedby) VALUES (3, false, '2025-06-22 11:31:27.859976', 'admin3');

INSERT INTO public.databasechangeloglock (id, locked, lockgranted, lockedby) VALUES (4, false, '2025-06-22 11:31:27.859976', 'admin4');

INSERT INTO public.databasechangeloglock (id, locked, lockgranted, lockedby) VALUES (5, false, '2025-06-22 11:31:27.859976', 'admin5');

INSERT INTO public.databasechangeloglock (id, locked, lockgranted, lockedby) VALUES (6, false, '2025-06-22 11:31:27.859976', 'admin6');
